Year,ColumbiaRFlowMeanDecToFeb,ColumbiaRFlowMeanMarToMay,ColumbiaRFlowMeanJunToAug,ColumbiaRTempMeanMarToMay,ColumbiaRTempMeanJunToAug,CoastUpIdxMeanDecToFeb,CoastUpIdxMeanMarToMay,CoastUpIdxMeanJunToAug,CoastUpIdxMeanSepToNov,NPacGyreOscMeanDecToFeb,NPacGyreOscMeanMarToMay,NPacGyreOscMeanJunToAug,NPacGyreOscMeanSepToNov,OcNinoIdxMeanDecToFeb,OcNinoIdxMeanMarToMay,OcNinoIdxMeanJunToAug,OcNinoIdxMeanSepToNov,WashTranspMeanDecToFeb,WashTranspMeanMarToMay,WashTranspMeanJunToAug,WashTranspMeanSepToNov,PDOMeanDecToFeb,PDOMeanMarToMay,PDOMeanJunToAug,PDOMeanSepToNov,MEIv2MeanDecToFeb,MEIv2MeanMarToMay,MEIv2MeanJunToAug,MEIv2MeanSepToNov
1900,NA,NA,NA,NA,NA,NA,NA,NA,NA,NA,NA,NA,NA,NA,NA,NA,NA,NA,NA,NA,NA,0.68,0.536666666666667,0.58,-0.15,NA,NA,NA,NA
1901,NA,NA,NA,NA,NA,NA,NA,NA,NA,NA,NA,NA,NA,NA,NA,NA,NA,NA,NA,NA,NA,0.62,0.18,-0.616666666666667,-0.256666666666667,NA,NA,NA,NA
1902,NA,NA,NA,NA,NA,NA,NA,NA,NA,NA,NA,NA,NA,NA,NA,NA,NA,NA,NA,NA,NA,0.753333333333333,0.98,1.22333333333333,0.433333333333333,NA,NA,NA,NA
1903,NA,NA,NA,NA,NA,NA,NA,NA,NA,NA,NA,NA,NA,NA,NA,NA,NA,NA,NA,NA,NA,-0.16,-0.0966666666666667,0.546666666666667,0.00666666666666667,NA,NA,NA,NA
1904,NA,NA,NA,NA,NA,NA,NA,NA,NA,NA,NA,NA,NA,NA,NA,NA,NA,NA,NA,NA,NA,-0.103333333333333,-0.333333333333333,-1.25,0.646666666666667,NA,NA,NA,NA
1905,NA,NA,NA,NA,NA,NA,NA,NA,NA,NA,NA,NA,NA,NA,NA,NA,NA,NA,NA,NA,NA,0.566666666666667,0.943333333333333,0.933333333333333,0.31,NA,NA,NA,NA
1906,NA,NA,NA,NA,NA,NA,NA,NA,NA,NA,NA,NA,NA,NA,NA,NA,NA,NA,NA,NA,NA,0.533333333333333,0.67,0.266666666666667,0.486666666666667,NA,NA,NA,NA
1907,NA,NA,NA,NA,NA,NA,NA,NA,NA,NA,NA,NA,NA,NA,NA,NA,NA,NA,NA,NA,NA,-0.386666666666667,-0.0633333333333333,0.08,0.423333333333333,NA,NA,NA,NA
1908,NA,NA,NA,NA,NA,NA,NA,NA,NA,NA,NA,NA,NA,NA,NA,NA,NA,NA,NA,NA,NA,1.03333333333333,0.376666666666667,-0.01,-0.0333333333333333,NA,NA,NA,NA
1909,NA,NA,NA,NA,NA,NA,NA,NA,NA,NA,NA,NA,NA,NA,NA,NA,NA,NA,NA,NA,NA,0.8,0.13,-0.57,-0.436666666666667,NA,NA,NA,NA
1910,NA,NA,NA,NA,NA,NA,NA,NA,NA,NA,NA,NA,NA,NA,NA,NA,NA,NA,NA,NA,NA,-0.32,-0.0833333333333333,-0.103333333333333,-0.08,NA,NA,NA,NA
1911,NA,NA,NA,NA,NA,NA,NA,NA,NA,NA,NA,NA,NA,NA,NA,NA,NA,NA,NA,NA,NA,-0.09,-0.446666666666667,0.31,-0.123333333333333,NA,NA,NA,NA
1912,NA,NA,NA,NA,NA,NA,NA,NA,NA,NA,NA,NA,NA,NA,NA,NA,NA,NA,NA,NA,NA,-0.646666666666667,-0.146666666666667,0.333333333333333,0.746666666666667,NA,NA,NA,NA
1913,NA,NA,NA,NA,NA,NA,NA,NA,NA,NA,NA,NA,NA,NA,NA,NA,NA,NA,NA,NA,NA,0.43,-0.0666666666666667,1.26,0.7,NA,NA,NA,NA
1914,NA,NA,NA,NA,NA,NA,NA,NA,NA,NA,NA,NA,NA,NA,NA,NA,NA,NA,NA,NA,NA,0.316666666666667,0.463333333333333,0.00333333333333334,-0.14,NA,NA,NA,NA
1915,NA,NA,NA,NA,NA,NA,NA,NA,NA,NA,NA,NA,NA,NA,NA,NA,NA,NA,NA,NA,NA,0.206666666666667,0.166666666666667,0.776666666666667,-0.2,NA,NA,NA,NA
1916,NA,NA,NA,NA,NA,NA,NA,NA,NA,NA,NA,NA,NA,NA,NA,NA,NA,NA,NA,NA,NA,-0.22,0.22,-0.776666666666667,-0.556666666666667,NA,NA,NA,NA
1917,NA,NA,NA,NA,NA,NA,NA,NA,NA,NA,NA,NA,NA,NA,NA,NA,NA,NA,NA,NA,NA,-1.19,-0.0766666666666667,-0.05,-0.83,NA,NA,NA,NA
1918,NA,NA,NA,NA,NA,NA,NA,NA,NA,NA,NA,NA,NA,NA,NA,NA,NA,NA,NA,NA,NA,-0.796666666666667,-0.6,0.246666666666667,0.12,NA,NA,NA,NA
1919,NA,NA,NA,NA,NA,NA,NA,NA,NA,NA,NA,NA,NA,NA,NA,NA,NA,NA,NA,NA,NA,0.366666666666667,-0.0833333333333333,-0.266666666666667,-0.386666666666667,NA,NA,NA,NA
1920,NA,NA,NA,NA,NA,NA,NA,NA,NA,NA,NA,NA,NA,NA,NA,NA,NA,NA,NA,NA,NA,-0.12,-1.01333333333333,-1.47,-0.866666666666667,NA,NA,NA,NA
1921,NA,NA,NA,NA,NA,NA,NA,NA,NA,NA,NA,NA,NA,NA,NA,NA,NA,NA,NA,NA,NA,-0.326666666666667,-0.453333333333333,-0.29,0.303333333333333,NA,NA,NA,NA
1922,NA,NA,NA,NA,NA,NA,NA,NA,NA,NA,NA,NA,NA,NA,NA,NA,NA,NA,NA,NA,NA,0.54,0.106666666666667,-0.93,-0.19,NA,NA,NA,NA
1923,NA,NA,NA,NA,NA,NA,NA,NA,NA,NA,NA,NA,NA,NA,NA,NA,NA,NA,NA,NA,NA,0.396666666666667,0.426666666666667,0.893333333333333,0.493333333333333,NA,NA,NA,NA
1924,NA,NA,NA,NA,NA,NA,NA,NA,NA,NA,NA,NA,NA,NA,NA,NA,NA,NA,NA,NA,NA,0.553333333333333,0.49,-0.156666666666667,-0.496666666666667,NA,NA,NA,NA
1925,NA,NA,NA,NA,NA,NA,NA,NA,NA,NA,NA,NA,NA,NA,NA,NA,NA,NA,NA,NA,NA,-0.0266666666666667,0.616666666666667,-0.666666666666667,0.48,NA,NA,NA,NA
1926,NA,NA,NA,NA,NA,NA,NA,NA,NA,NA,NA,NA,NA,NA,NA,NA,NA,NA,NA,NA,NA,0.823333333333333,1.01,1.57333333333333,1.27666666666667,NA,NA,NA,NA
1927,NA,NA,NA,NA,NA,NA,NA,NA,NA,NA,NA,NA,NA,NA,NA,NA,NA,NA,NA,NA,NA,1.28666666666667,0.09,-0.116666666666667,-0.366666666666667,NA,NA,NA,NA
1928,NA,NA,NA,NA,NA,NA,NA,NA,NA,NA,NA,NA,NA,NA,NA,NA,NA,NA,NA,NA,NA,0.606666666666667,0.663333333333333,-0.09,-0.86,NA,NA,NA,NA
1929,NA,NA,NA,NA,NA,NA,NA,NA,NA,NA,NA,NA,NA,NA,NA,NA,NA,NA,NA,NA,NA,0.823333333333333,0.706666666666667,-0.0833333333333333,0.493333333333333,NA,NA,NA,NA
1930,NA,NA,NA,NA,NA,NA,NA,NA,NA,NA,NA,NA,NA,NA,NA,NA,NA,NA,NA,NA,NA,-0.04,-0.356666666666667,-0.133333333333333,-0.296666666666667,NA,NA,NA,NA
1931,NA,NA,NA,NA,NA,NA,NA,NA,NA,NA,NA,NA,NA,NA,NA,NA,NA,NA,NA,NA,NA,0.946666666666667,1.35666666666667,0.633333333333333,0.0533333333333333,NA,NA,NA,NA
1932,NA,NA,NA,NA,NA,NA,NA,NA,NA,NA,NA,NA,NA,NA,NA,NA,NA,NA,NA,NA,NA,0.0833333333333334,0.766666666666667,-0.0533333333333333,-0.523333333333333,NA,NA,NA,NA
1933,NA,NA,NA,NA,NA,NA,NA,NA,NA,NA,NA,NA,NA,NA,NA,NA,NA,NA,NA,NA,NA,0.11,-0.133333333333333,-1.35,-0.973333333333333,NA,NA,NA,NA
1934,NA,NA,NA,NA,NA,NA,NA,NA,NA,NA,NA,NA,NA,NA,NA,NA,NA,NA,NA,NA,NA,-0.0833333333333333,1.4,0.83,1.66,NA,NA,NA,NA
1935,NA,NA,NA,NA,NA,NA,NA,NA,NA,NA,NA,NA,NA,NA,NA,NA,NA,NA,NA,NA,NA,1.15666666666667,0.66,0.9,0.44,NA,NA,NA,NA
1936,NA,NA,NA,NA,NA,NA,NA,NA,NA,NA,NA,NA,NA,NA,NA,NA,NA,NA,NA,NA,NA,1.77333333333333,1.50333333333333,2.21666666666667,1.59666666666667,NA,NA,NA,NA
1937,NA,NA,NA,NA,NA,NA,NA,NA,NA,NA,NA,NA,NA,NA,NA,NA,NA,NA,NA,NA,NA,0.263333333333333,0.37,0.503333333333333,0.403333333333333,NA,NA,NA,NA
1938,NA,NA,NA,NA,NA,NA,NA,NA,NA,NA,NA,NA,NA,NA,NA,NA,NA,NA,NA,NA,NA,0.356666666666667,0.0866666666666667,-0.286666666666667,0.18,NA,NA,NA,NA
1939,NA,NA,NA,NA,NA,NA,NA,NA,NA,NA,NA,NA,NA,NA,NA,NA,NA,NA,NA,NA,NA,0.943333333333333,0.346666666666667,0.03,-1.09666666666667,NA,NA,NA,NA
1940,NA,NA,NA,NA,NA,NA,NA,NA,NA,NA,NA,NA,NA,NA,NA,NA,NA,NA,NA,NA,NA,1.76,2.19333333333333,1.98333333333333,0.99,NA,NA,NA,NA
1941,NA,NA,NA,NA,NA,NA,NA,NA,NA,NA,NA,NA,NA,NA,NA,NA,NA,NA,NA,NA,NA,2.05666666666667,2.18333333333333,2.88333333333333,1.20333333333333,NA,NA,NA,NA
1942,NA,NA,NA,NA,NA,NA,NA,NA,NA,NA,NA,NA,NA,NA,NA,NA,NA,NA,NA,NA,NA,0.903333333333333,0.64,0.583333333333333,0.373333333333333,NA,NA,NA,NA
1943,NA,NA,NA,NA,NA,NA,NA,NA,NA,NA,NA,NA,NA,NA,NA,NA,NA,NA,NA,NA,NA,-0.386666666666667,0.59,-0.193333333333333,-0.08,NA,NA,NA,NA
1944,NA,NA,NA,NA,NA,NA,NA,NA,NA,NA,NA,NA,NA,NA,NA,NA,NA,NA,NA,NA,NA,0.31,0.15,-0.63,-0.21,NA,NA,NA,NA
1945,NA,NA,NA,NA,NA,NA,NA,NA,NA,NA,NA,NA,NA,NA,NA,NA,NA,NA,NA,NA,NA,-0.0333333333333333,-0.296666666666667,0.586666666666667,-0.703333333333333,NA,NA,NA,NA
1946,NA,NA,NA,NA,NA,NA,NA,NA,NA,NA,NA,NA,NA,NA,NA,NA,NA,NA,NA,NA,NA,-0.656666666666667,-0.23,-0.686666666666667,-0.686666666666667,NA,NA,NA,NA
1947,NA,NA,NA,NA,NA,-29.5,10,28,-20,NA,NA,NA,NA,NA,NA,NA,NA,NA,NA,NA,NA,-0.66,0.746666666666667,0.606666666666667,0.43,NA,NA,NA,NA
1948,NA,NA,NA,NA,NA,-37,-8.66666666666667,32,-14,NA,NA,NA,NA,NA,NA,NA,NA,NA,NA,NA,NA,0.273333333333333,-0.53,-0.8,-1.31666666666667,NA,NA,NA,NA
1949,NA,NA,NA,NA,NA,-32.3333333333333,0,42,-67.3333333333333,NA,NA,NA,NA,NA,NA,NA,NA,NA,NA,NA,NA,-2.43666666666667,-0.866666666666667,-0.853333333333333,-1.05666666666667,NA,NA,NA,NA
1950,NA,NA,NA,NA,NA,-77.3333333333333,-1.33333333333333,39.3333333333333,-37.3333333333333,-1.81711325,-0.819301953333333,-0.624160913333333,-0.24639503,-1.4,-1.16666666666667,-0.6,-0.466666666666667,NA,NA,NA,NA,-1.94666666666667,-1.52,-1.8,-1.98666666666667,NA,NA,NA,NA
1951,NA,NA,NA,NA,NA,-90.6666666666667,16,87.6666666666667,-49.3333333333333,-0.461907613333333,-0.734031646666667,-1.23800606666667,-1.16698223333333,-0.7,0.133333333333333,0.733333333333333,1.06666666666667,NA,NA,NA,NA,-1.12,-0.836666666666667,-0.586666666666667,-0.226666666666667,NA,NA,NA,NA
1952,NA,NA,NA,NA,NA,-61.3333333333333,5.66666666666667,54.3333333333333,-16.6666666666667,-1.2169328,-0.576581256666667,-1.068577,-0.385547836666667,0.566666666666667,0.266666666666667,-0.0333333333333333,0.1,NA,NA,NA,NA,-1.38333333333333,-0.893333333333333,-1.09333333333333,-0.666666666666667,NA,NA,NA,NA
1953,NA,NA,NA,NA,NA,-169.666666666667,-6,33.6666666666667,-46,0.84566811,1.24608006666667,0.9054612,1.14062287,0.366666666666667,0.7,0.733333333333333,0.8,NA,NA,NA,NA,-0.2,-0.213333333333333,0.36,-0.583333333333333,NA,NA,NA,NA
1954,NA,NA,NA,NA,NA,-67.6666666666667,11.3333333333333,26,-60.3333333333333,1.2231421,-0.15239996,0.00387993533333334,0.0919163933333333,0.7,-0.3,-0.633333333333333,-0.8,NA,NA,NA,NA,-0.953333333333333,-0.613333333333333,0.493333333333333,0.1,NA,NA,NA,NA
1955,NA,NA,NA,NA,NA,-70,22.6666666666667,75.3333333333333,-6,0.160352436666667,0.0287150466666667,0.0568700076666667,-0.238149799666667,-0.666666666666667,-0.766666666666667,-0.7,-1.4,NA,NA,NA,NA,-0.606666666666667,-1.48,-2.34666666666667,-2.61,NA,NA,NA,NA
1956,NA,NA,NA,NA,NA,-81.3333333333333,30.6666666666667,57.6666666666667,-6.66666666666667,-0.17856907,0.0422338473333333,0.491580273333333,0.00762869266666667,-1.13333333333333,-0.533333333333333,-0.566666666666667,-0.433333333333333,NA,NA,NA,NA,-2.65666666666667,-2.04666666666667,-1.29666666666667,-1.70666666666667,NA,NA,NA,NA
1957,NA,NA,NA,NA,NA,-29.3333333333333,-1.66666666666667,45.3333333333333,-3.66666666666667,-1.33251185,-1.21097663333333,-0.943163293333333,-1.11943286666667,-0.166666666666667,0.666666666666667,1.23333333333333,1.4,NA,NA,NA,NA,-1.26,0.00666666666666666,0.996666666666667,0.923333333333333,NA,NA,NA,NA
1958,NA,NA,NA,NA,NA,-186,11,78.6666666666667,-9,-0.151136016666667,-0.90734607,-0.740629096666667,-0.49592015,1.73333333333333,0.966666666666667,0.533333333333333,0.433333333333333,NA,NA,NA,NA,0.106666666666667,0.863333333333333,1.09333333333333,0.04,NA,NA,NA,NA
1959,NA,NA,NA,NA,NA,-73.6666666666667,15,74,-3.66666666666667,-0.29102917,-0.427073893333333,-0.424687156666667,0.0529408303333333,0.6,0.333333333333333,-0.2,-0.0333333333333333,NA,NA,NA,NA,0.373333333333333,-0.246666666666667,-0.226666666666667,0.26,NA,NA,NA,NA
1960,NA,NA,NA,NA,NA,-62,-17.3333333333333,54,-33.3333333333333,0.752581116666667,0.858557096666667,0.486747136666667,0.655293223333333,-0.0666666666666667,-0.0333333333333333,0.1,0.2,NA,NA,NA,NA,0.293333333333333,0.263333333333333,-0.00333333333333334,-0.36,NA,NA,NA,NA
1961,NA,NA,NA,NA,NA,-158,-26.3333333333333,35,-3.33333333333333,1.1995759,1.36892174,1.11306326666667,0.44742972,0.0333333333333333,0.1,0.1,-0.266666666666667,NA,NA,NA,NA,0.593333333333333,0.123333333333333,-0.986666666666667,-2.04666666666667,NA,NA,NA,NA
1962,NA,NA,NA,NA,NA,-26.6666666666667,9.66666666666667,52.3333333333333,-40.3333333333333,0.140785213333333,-0.606035993333333,-0.245723319,0.314687033333333,-0.2,-0.266666666666667,-0.1,-0.2,NA,NA,NA,NA,-1.71,-1.14666666666667,-1.18666666666667,-1.16666666666667,NA,NA,NA,NA
1963,NA,NA,NA,NA,NA,-69,-1.33333333333333,48.3333333333333,-40.3333333333333,-0.209223423333333,-0.778448603333333,-0.405845533333333,0.429334713333333,-0.333333333333333,0.266666666666667,0.833333333333333,1.3,NA,NA,NA,NA,-0.483333333333333,-0.533333333333333,-0.97,-0.716666666666667,NA,NA,NA,NA
1964,NA,NA,NA,NA,NA,-65.6666666666667,34.6666666666667,41,-12.3333333333333,0.635469503333333,0.291241286666667,1.08998458333333,0.566539797333333,1,-0.266666666666667,-0.633333333333333,-0.8,NA,NA,NA,NA,-0.426666666666667,-1.27,-0.62,-0.616666666666667,NA,NA,NA,NA
1965,NA,NA,NA,NA,NA,-62.3333333333333,33,83.3333333333333,-26.6666666666667,-0.708754603333333,-0.993733446666667,-0.65548186,-0.8195278,-0.566666666666667,0.2,1.16666666666667,1.96666666666667,NA,NA,NA,NA,-1.30666666666667,-1.15828932093868e-17,-0.356666666666667,-0.12,NA,NA,NA,NA
1966,NA,NA,NA,NA,NA,-64.3333333333333,31.3333333333333,70,-12.6666666666667,-0.876998353333333,-1.21569434333333,-1.11850912666667,-0.830391996666667,1.43333333333333,0.7,0.166666666666667,-0.133333333333333,NA,NA,NA,NA,-0.263333333333333,-0.586666666666667,0.0233333333333333,-0.883333333333333,NA,NA,NA,NA
1967,NA,NA,NA,NA,NA,-88,28,120.666666666667,-24.3333333333333,-0.630369216666667,-1.00189171,-1.05981195333333,-0.210691651133333,-0.4,-0.366666666666667,-0.0666666666666667,-0.333333333333333,-98.3788546255507,-27.413698630137,-25.3038674033149,-36.5307262569832,-0.233333333333333,-1.11,-1.09666666666667,-0.47,NA,NA,NA,NA
1968,NA,NA,NA,NA,NA,-95,11,61.3333333333333,-47.3333333333333,-0.541789596666667,-1.01658945666667,-1.00638267333333,-0.625821636666667,-0.566666666666667,-0.333333333333333,0.466666666666667,0.533333333333333,109.254901960784,-102.242424242424,-41.1868131868132,-66.2722222222222,-0.583333333333333,-0.623333333333333,0.123333333333333,-0.24,NA,NA,NA,NA
1969,NA,NA,NA,NA,NA,-77.6666666666667,-3.33333333333333,71,-20.3333333333333,-1.38840374666667,-0.335863331,-0.57957761,0.087960005,1.06666666666667,0.766666666666667,0.433333333333333,0.833333333333333,217.064245810056,-84.2767123287671,-39.4502762430939,-27.5580736543909,-1.16,-0.38,0.06,0.203333333333333,NA,NA,NA,NA
1970,NA,NA,NA,NA,NA,-108.666666666667,19.6666666666667,63.3333333333333,-16.6666666666667,0.204755103333333,-0.0500761833333333,0.35219072,0.136890333333333,0.466666666666667,0.166666666666667,-0.566666666666667,-0.8,19.8271954674221,-66.6675900277008,-40.1777777777778,18.7628571428571,0.806666666666667,0.423333333333333,-0.75,-1.28666666666667,NA,NA,NA,NA
1971,NA,NA,NA,NA,NA,-51.3333333333333,5,34,-10.3333333333333,-0.0711822576666667,0.600884986666667,0.636532166666667,0.347181686666667,-1.3,-0.866666666666667,-0.766666666666667,-0.9,95.0056818181818,-62.4246575342466,-52.7671232876712,-34.0055096418733,-1.53666666666667,-1.60666666666667,-1.3,-0.42,NA,NA,NA,NA
1972,NA,NA,NA,NA,NA,-49.6666666666667,2.66666666666667,54.3333333333333,-3.66666666666667,-0.322304651,-0.707543146666667,-0.50358629,-0.859019803333333,-0.666666666666667,0.4,1.13333333333333,1.83333333333333,104.421052631579,-65.3907103825137,-8.18852459016393,-8.00554016620499,-1.89666666666667,-1.77,-0.816666666666667,0.283333333333333,NA,NA,NA,NA
1973,NA,NA,NA,NA,NA,-74,22.3333333333333,68.6666666666667,-15.3333333333333,-0.438000431666667,0.0439082026666667,0.33506073,0.198195356666667,1.7,-0.0333333333333333,-1.1,-1.7,80.4078212290503,-54.6318681318681,-45.3369565217391,36.8254847645429,-0.466666666666667,-0.65,-0.893333333333333,-1.06333333333333,NA,NA,NA,NA
1974,NA,NA,NA,NA,NA,-72,-3,62.6666666666667,-8,-0.350173926666667,-0.0592448283333333,0.285837753333333,-0.0391846848,-1.8,-1.03333333333333,-0.566666666666667,-0.6,55.2022471910112,-60.3379120879121,-34.366391184573,1.21944444444444,-1.21,-0.566666666666667,-0.04,0.256666666666667,NA,NA,NA,NA
1975,NA,NA,NA,NA,NA,-61.6666666666667,20,68.6666666666667,-29.6666666666667,0.779842526666667,0.693643386666667,0.664931843333333,0.934524873333333,-0.566666666666667,-0.733333333333333,-1.1,-1.46666666666667,76.59375,-21.8922651933702,-44.0769230769231,-34.8575498575499,-0.556666666666667,-0.943333333333333,-0.876666666666667,-1.53333333333333,NA,NA,NA,NA
1976,NA,NA,NA,NA,NA,-38.3333333333333,3.66666666666667,32,-5.66666666666667,1.11342986666667,2.09899476666667,2.2568419,1.9000603,-1.5,-0.5,0.2,0.766666666666667,-2.83333333333333,-99.9118457300276,-54.6054794520548,-19.0756302521008,-1.53333333333333,-0.843333333333333,0.406666666666667,1.06,NA,NA,NA,NA
1977,NA,NA,NA,NA,NA,-65.3333333333333,6,61.6666666666667,-22.3333333333333,1.52847696666667,1.38928846666667,1.08179522666667,1.15605381666667,0.7,0.233333333333333,0.366666666666667,0.7,-68.8027777777778,-59.2092391304348,-32.6994535519126,-59.0631868131868,1.32666666666667,0.443333333333333,0.416666666666667,-0.626666666666667,NA,NA,NA,NA
1978,163116.666666667,222923.913043478,179053.260869565,NA,NA,-111,8.66666666666667,46.3333333333333,-1.33333333333333,1.10453535333333,0.552076593333333,0.55797851,0.459728406666667,0.633333333333333,-0.133333333333333,-0.366666666666667,-0.266666666666667,112.646892655367,-48.6318681318681,-9.26702997275204,-20.1222222222222,0.366666666666667,1.17666666666667,-0.55,-0.136666666666667,NA,NA,NA,NA
1979,154775.555555556,196728.260869565,135309.782608696,NA,NA,-58,13.3333333333333,49,-45,-0.62114414,-0.81500131,-1.07398596333333,-0.62992959,0.0333333333333333,0.233333333333333,0.0666666666666667,0.433333333333333,69.3621169916435,-60.2861035422343,-95.149863760218,28.6083333333333,-0.78,0.76,0.51,0.846666666666667,0.365,0.235,0.15,0.38
1980,147043.956043956,186173.913043478,186035.869565217,NA,NA,-110.333333333333,15.3333333333333,77,-43.6666666666667,-1.38887589666667,-0.475883982666667,-0.918769883333333,-0.299145240666667,0.566666666666667,0.4,0.266666666666667,0,128.691460055096,-57.717032967033,-53.6457765667575,5.6043956043956,0.263333333333333,1.26,0.173333333333333,0.606666666666667,0.27,0.57,0.385,0.03
1981,194722.222222222,186293.47826087,251771.739130435,NA,NA,-129,-0.666666666666667,51.6666666666667,-36.3333333333333,-0.53494929,-0.372529246666667,-0.404988955533333,0.157134343233333,-0.266666666666667,-0.4,-0.266666666666667,-0.166666666666667,57.1472222222222,-69.0570652173913,-18.75,20.828729281768,0.65,1.39666666666667,0.903333333333333,0.466666666666667,-0.285,0.065,-0.41,-0.16
1982,193633.333333333,320097.826086957,274839.130434783,NA,NA,-69.6666666666667,24,49.3333333333333,-26.6666666666667,-0.184069173333333,-0.894959713333333,-0.638386033333333,-0.777458466666667,0,0.466666666666667,0.866666666666667,1.93333333333333,94.0473537604457,-46.7907608695652,-47.9646739130435,65.4697802197802,0.403333333333333,-0.193333333333333,0.0633333333333333,0.32,-0.43,-0.185,1.905,2.105
1983,194233.333333333,314239.130434783,223402.173913043,NA,NA,-172,-19,24,-47.3333333333333,0.281384766666667,-0.344720186666667,-0.0451776336666667,-0.11195819,2.1,1.3,0.3,-0.766666666666667,47.1708683473389,-51.7814207650273,-71.6804407713499,-14.4490358126722,0.653333333333333,1.92666666666667,2.57333333333333,0.963333333333333,2.655,2.84,0.32,-0.43
1984,200901.098901099,281086.956521739,234728.260869565,NA,NA,-70.6666666666667,-14.3333333333333,65,-52,-0.16404819,0.953559626666667,0.507168573333333,0.876282406666667,-0.633333333333333,-0.4,-0.3,-0.566666666666667,83.1448863636364,-84.6593406593407,-86,34.1367521367521,1.46666666666667,1.53,-0.01,0.653333333333333,-0.51,-0.195,-0.23,-0.365
1985,190355.555555556,210619.565217391,133732.608695652,NA,NA,-26.3333333333333,5,60.3333333333333,0,0.170517743,0.23567779,-0.0329928013333333,-1.30448022333333,-0.966666666666667,-0.8,-0.533333333333333,-0.333333333333333,72.8796561604585,-57.2513661202186,-45.4016393442623,72.6043956043956,1.01,0.253333333333333,0.686666666666667,-0.00666666666666667,-0.415,-0.99,-0.195,-0.02
1986,167600,276945.652173913,180168.47826087,NA,NA,-159.333333333333,-7.33333333333333,58.3333333333333,-4.33333333333333,-1.29948936666667,-0.64380841,-0.87517878,-0.52108112,-0.466666666666667,-0.2,0.2,0.9,136.810584958217,-82.7527173913043,-15.1413043478261,-0.65564738292011,1.03666666666667,1.63,0.83,0.996666666666667,-0.33,-0.355,0.805,0.61
1987,155311.111111111,175217.391304348,123996.739130435,NA,NA,-110.333333333333,-5.33333333333333,59,-23,0.332657383333333,0.343507176666667,0.386701816666667,0.270996813333333,1.2,1,1.46666666666667,1.46666666666667,105.83008356546,-70.5869565217391,-38.0788043478261,-25.1577464788732,1.8,2.03666666666667,1.85666666666667,1.75666666666667,1.03,1.785,1.7,0.99
1988,147081.318681319,153645.652173913,125751.086956522,NA,NA,-67,-5,50.3333333333333,-25,0.864785786666667,1.44001996,1.62013856666667,1.34861133333333,0.8,-0.366666666666667,-1.23333333333333,-1.5,54.1813186813187,-91.6630434782609,-88.4726775956284,-23.6741573033708,1.14666666666667,1.18666666666667,0.523333333333333,-0.163333333333333,0.45,-0.185,-1.78,-1.575
1989,160308.888888889,211663.043478261,133401.086956522,NA,NA,-17,-10.6666666666667,51,5,0.90987403,0.765536273333333,0.817697393333333,0.265145736666667,-1.63333333333333,-0.833333333333333,-0.333333333333333,-0.2,120.813888888889,-27.4076086956522,-48.383152173913,-9.53168044077135,-0.8,-0.226666666666667,0.426666666666667,-0.19,-1.075,-1.065,-0.925,-0.445
1990,160833.333333333,212467.391304348,212725,NA,NA,-31.6666666666667,5.33333333333333,47.6666666666667,-3,-0.0613260966666667,0.266075201666667,-0.218046076,-0.339476523333333,0.0666666666666667,0.3,0.333333333333333,0.366666666666667,33.5777777777778,-31.3188010899183,-31.1766304347826,-57.3324175824176,-0.386666666666667,0.03,0.273333333333333,-0.666666666666667,0.27,0.1,0.115,0.035
1991,206300,252043.47826087,221434.782608696,NA,NA,-41.3333333333333,19.6666666666667,55,7.33333333333333,-0.86051957,-0.357650574666667,-0.48043838,-0.736994306666667,0.366666666666667,0.333333333333333,0.633333333333333,0.866666666666667,49.2972222222222,-14.7065217391304,-57.4986376021798,-6.58241758241758,-1.81333333333333,-0.753333333333333,-0.403333333333333,0.52,0.12,0.28,0.65,1.13
1992,142432.967032967,172493.47826087,138784.782608696,NA,NA,-118,19.6666666666667,69.3333333333333,-11,-0.05881037,-1.35001079,-1.35351916666667,-1.06543113333333,1.6,1.3,0.4,-0.2,-64.9505494505494,-49.5407608695652,-5.25136612021858,-36.0027472527473,0.15,0.986666666666667,1.53333333333333,0.896666666666667,1.645,1.835,0.42,0.77
1993,141117.777777778,202223.913043478,172590.217391304,NA,NA,-46,-34.3333333333333,51.3333333333333,13,-2.2754968,-1.19672488666667,-1.624994,-2.46680016666667,0.1,0.633333333333333,0.4,0.1,134.395543175487,-90.4386920980926,-20.8497267759563,12.2857142857143,0.256666666666667,1.36666666666667,2.46,1.40333333333333,0.88,1.23,0.76,0.825
1994,125124.444444444,163027.173913043,144456.52173913,NA,NA,-63.6666666666667,6.33333333333333,61,-6,-1.9444107,-1.20140714666667,-0.727166983333333,-1.30134286666667,0.1,0.3,0.4,0.766666666666667,15.8551532033426,-56.6021798365123,-21.5108695652174,1.99175824175824,0.956666666666667,1.02666666666667,-0.09,-1.54666666666667,-0.075,0.015,0.86,1.23
1995,151348.888888889,208489.130434783,205978.260869565,NA,NA,-151,11.3333333333333,42,-24.3333333333333,-1.02555351,-1.79461756666667,-1.18448166666667,-0.56302038,0.933333333333333,0.3,-0.233333333333333,-0.933333333333333,85.1727019498607,16.5776566757493,-19.0980926430518,-0.324175824175824,-0.606666666666667,1.01333333333333,1.06333333333333,0.45,0.625,0.17,-0.45,-0.66
1996,281318.681318681,323902.173913043,263173.913043478,NA,18.78,-95.3333333333333,-6.33333333333333,95.6666666666667,4.66666666666667,-0.49204,-0.953215386666667,-0.89747334,-1.02505771333333,-0.9,-0.433333333333333,-0.3,-0.4,86.5276243093923,4.76775956284153,7.83106267029973,3.86813186813187,0.5,1.55,0.576666666666667,-9.25411729306898e-18,-0.82,-0.76,-0.68,-0.305
1997,245544.444444444,356086.956521739,314271.739130435,10.2969230769231,17.8223684210526,-49.6666666666667,-14.3333333333333,24,-38,-1.3694127,-0.667120213333333,-0.832194043333333,-0.300568756666667,-0.466666666666667,0.333333333333333,1.56666666666667,2.26666666666667,219.003412969283,-53.5820895522388,-25.4944444444444,105.00835654596101,0.16,1.17666666666667,2.63333333333333,1.64,-0.69,0.43,2.155,2.035
1998,182300,232695.652173913,217684.782608696,11.290625,19.8688888888889,-139.333333333333,9.33333333333333,83,-37.3333333333333,0.896218193333333,0.564137516666667,0.261613696666667,0.286860810666667,2.16666666666667,0.966666666666667,-0.666666666666667,-1.4,116.393767705382,-4.73121387283237,20.6502732240437,112.815934065934,1.02,1.32666666666667,0.0466666666666667,-1.04,2.33,2.405,-1.585,-1.255
1999,199811.111111111,273565.217391304,265608.695652174,10.1820895522388,18.0173913043478,-148,-1.33333333333333,55,-17.3333333333333,1.38527183,1.7417763,1.57330333333333,1.26811226666667,-1.46666666666667,-1.03333333333333,-1.06666666666667,-1.33333333333333,226.480555555556,18.1320224719101,-75.6876712328767,68.7301136363636,-0.473333333333333,-0.473333333333333,-0.973333333333333,-1.93666666666667,-1.22,-1.26,-1.125,-1.32
2000,197175.824175824,240086.956521739,172975,11.1544117647059,19.1065217391304,-70,-2,60,-11,1.5269583,2.2449434,1.70315946666667,1.69765413333333,-1.6,-0.866666666666667,-0.566666666666667,-0.6,321.830985915493,-69.3093922651934,-17.9100817438692,49.7423822714681,-1.48666666666667,0.196666666666667,-0.763333333333333,-1.02333333333333,-1.265,-0.95,-0.33,-0.73
2001,133266.666666667,124454.347826087,105682.608695652,11.3790322580645,19.4318681318681,-60.6666666666667,15,63.6666666666667,-29.6666666666667,2.66099153333333,2.18220386666667,1.9216048,1.60647726666667,-0.633333333333333,-0.333333333333333,-0.1,-0.266666666666667,220.312676056338,-99.5136612021858,-154.6,-19.5574229691877,0.47,-0.0533333333333333,-0.85,-1.33333333333333,-0.845,-0.595,0.165,-0.285
2002,136413.333333333,193963.043478261,232760.869565217,10.1838709677419,18.504347826087,-92.3333333333333,8.33333333333333,74.6666666666667,-26,2.0203324,1.29942382,1.26651045,1.10242113666667,-0.133333333333333,0.233333333333333,0.8,1.16666666666667,170.788300835655,-9.03542234332425,-91.8586956521739,25.9745762711864,-0.433333333333333,-0.46,-0.02,0.786666666666667,-0.095,-0.23,0.695,0.775
2003,125387.777777778,199923.913043478,173641.304347826,10.7242857142857,19.6766666666667,-143,-24,82.6666666666667,-7.33333333333333,1.86609866,1.17056396666667,0.920806753333333,0.680616146666667,0.866666666666667,0.0333333333333333,0.0333333333333333,0.333333333333333,247.57060518732,-0.15041782729805,-126.111716621253,94.8864265927978,1.98,1.19333333333333,0.84,0.453333333333333,0.71,-0.325,0.01,0.275
2004,139407.692307692,175010.869565217,165600,11,19.9054347826087,-153,4,39,6.33333333333333,0.38554044,0.23851165,0.624475453333333,-0.00749026600000001,0.366666666666667,0.2,0.466666666666667,0.7,337.818681318681,2.25824175824176,50.7796143250689,-41.5386740331492,0.413333333333333,0.686666666666667,0.443333333333333,0.00333333333333333,0.06,-0.335,0.585,0.425
2005,149744.444444444,170486.956521739,168739.130434783,10.9826086956522,19.5217391304348,-29,-7,63,6,-1.37952591666667,-1.32059538,-1.35912626666667,-1.37410492666667,0.633333333333333,0.366666666666667,-0.0333333333333333,-0.333333333333333,-25.2541899441341,-59.6986301369863,13.6413043478261,-90.3681318681319,0.36,1.41666666666667,0.693333333333333,-1.09333333333333,0.34,0.155,-0.015,-0.73
2006,164322.222222222,269902.173913043,209097.826086957,9.58125,19.4032608695652,-80.6666666666667,-12.6666666666667,92.3333333333333,-14,-0.989325773333333,-0.465919593333333,-0.331047366666667,-0.794859043333333,-0.766666666666667,-0.266666666666667,0.133333333333333,0.7,-109.566666666667,-51.7547683923706,41.0353260869565,22.1923076923077,0.63,0.31,0.246666666666667,-0.403333333333333,-0.59,-0.635,0.335,0.79
2007,152325.555555556,230391.304347826,175402.173913043,9.29239130434783,19.3554347826087,-39.3333333333333,15,19.6666666666667,5,-0.23496423,0.134285766666667,1.30054706666667,0.968768876666667,0.633333333333333,-0.166666666666667,-0.566666666666667,-1.33333333333333,-226.647222222222,-148.502717391304,-47.2288828337875,-110.964187327824,0.0633333333333333,-0.1,0.456666666666667,-0.963333333333333,0.505,-0.4,-0.855,-1.13
2008,136938.461538462,204815.217391304,231228.260869565,8.69782608695652,18.2108695652174,-32.3333333333333,11.3333333333333,38,-2.33333333333333,0.716212183333333,1.50264143333333,1.61659216666667,1.9874529,-1.53333333333333,-0.966666666666667,-0.4,-0.433333333333333,-3.81792717086835,-31.3559782608696,-10.1684782608696,-112.209366391185,-0.783333333333333,-1.2,-1.57,-1.52,-1.175,-1.055,-0.975,-1.08
2009,149133.333333333,214923.913043478,189566.304347826,8.47934782608696,19.5141304347826,-13.6666666666667,11,47,-39.6666666666667,0.693034826666667,0.433582186666667,0.549215386666667,1.06448077666667,-0.733333333333333,-0.2,0.466666666666667,1,37.8607954545455,26.3070652173913,57.4538043478261,-27.7087912087912,-1.27333333333333,-1.37333333333333,-0.25,0.13,-0.92,-0.765,0.505,0.805
2010,124528.888888889,150490.217391304,216179.347826087,9.66521739130435,18.5152173913043,-137.666666666667,-6.66666666666667,66,-15.3333333333333,1.65565276666667,1.56630476666667,1.15391196666667,1.19921676333333,1.46666666666667,0.4,-1,-1.66666666666667,132.819444444444,-126.705722070845,92.5597826086957,-71.75,0.576666666666667,0.613333333333333,-0.846666666666667,-1.16333333333333,1.11,0.16,-2.415,-2.105
2011,185825.555555556,308739.130434783,336978.260869565,8.18913043478261,17.4163043478261,-67,-50,49,-12.6666666666667,0.550170873333333,1.06441578,1.06153573333333,0.968934943333333,-1.36666666666667,-0.633333333333333,-0.533333333333333,-1.03333333333333,-6.93314763231198,-72.929347826087,1.57336956521739,-132.019230769231,-0.986666666666667,-0.493333333333333,-1.43,-1.82,-1.73,-1.51,-0.87,-1.29
2012,144868.131868132,300380.434782609,293739.130434783,8.80434782608696,17.9141304347826,-34.6666666666667,-22,54,-11.6666666666667,0.60911619,1.556779,1.84314586666667,1.54222606666667,-0.8,-0.366666666666667,0.233333333333333,0.166666666666667,-191.989010989011,-80.0217391304348,-3.87228260869565,-5.91758241758242,-1.34,-0.86,-1.44,-1.19666666666667,-0.875,-0.395,0.12,-0.145
2013,171866.666666667,221108.695652174,203380.434782609,9.57391304347826,19.5869565217391,-30,6.33333333333333,72.3333333333333,0.666666666666667,1.21131163333333,0.656481736666667,0.57937884,-0.187568636666667,-0.3,-0.233333333333333,-0.366666666666667,-0.233333333333333,-68.7805555555556,-32.0625,-8.31521739130435,31.2225274725275,-0.346666666666667,-0.236666666666667,-1.02333333333333,-0.486666666666667,-0.06,-0.535,-0.675,-0.165
2014,128852.222222222,264576.086956522,214076.086956522,9.34065934065934,19.4554347826087,-25,-9,80.3333333333333,-28.3333333333333,-0.703257916666667,-0.281196853333333,-0.365014323333333,-0.0131346966666667,-0.366666666666667,0.0666666666666667,0.1,0.4,21.0777777777778,-47.9266304347826,7.55342465753425,-26.5564738292011,0.09,1.3,0.73,1.43,-0.47,-0.17,0.23,0.2
2015,197633.333333333,188054.347826087,139808.695652174,10.5978260869565,21.1978260869565,-45.6666666666667,28.6666666666667,80,2.66666666666667,-0.72592212,-1.16414438333333,-1.5501161,-1.88779286666667,0.633333333333333,0.8,1.5,2.33333333333333,-54.5888888888889,-58.1634877384196,36.6839237057221,-28.5540166204986,2.42,1.54666666666667,1.64666666666667,1.42333333333333,0.14,0.655,1.815,1.995
2016,148986.813186813,245619.565217391,158043.47826087,10.7760869565217,19.9978260869565,-178,-4.66666666666667,71.6666666666667,-82.3333333333333,0.0210586133333333,-0.202784843333333,-0.662614576666667,0.246645146666667,2.43333333333333,1.06666666666667,-0.3,-0.7,-41.2038567493113,-34.8109589041096,-5.16076294277929,-48.6561604584527,1.43,2.45666666666667,1.26666666666667,0.963333333333333,1.88,1.3,-0.395,-0.56
2017,180400,387184.782608696,225163.043478261,8.91,19.6565217391304,-45,-21.6666666666667,74.3333333333333,-34.3333333333333,-0.82594484,-0.488189323333333,-0.42353941,-1.3312714,-0.333333333333333,0.266666666666667,0.166666666666667,-0.666666666666667,142.454038997214,-61.6494565217391,-53.7445652173913,-1.66386554621849,0.88,0.913333333333333,0.326666666666667,0.173333333333333,-0.405,-0.02,-0.735,-0.63
2018,193144.444444444,212000,NA,3.83333333333333,NA,-55.3333333333333,14.3333333333333,64.3333333333333,-3,-2.134316,-2.00776223333333,-1.69527006666667,-2.3052369,-0.9,-0.366666666666667,0.133333333333333,0.666666666666667,21.1648044692737,-29.9728260869565,-3.44262295081967,-33.0824175824176,0.523333333333333,0.0566666666666667,0.0833333333333333,0.09,-0.735,-1.105,0.1,0.335
2019,NA,NA,NA,NA,NA,NA,15,NA,NA,-1.9662518,NA,NA,NA,0.8,NA,NA,NA,NA,28.4673913043478,NA,NA,NA,NA,NA,NA,0.305,0.29,0.265,0.36
2020,NA,NA,NA,NA,NA,NA,NA,NA,NA,NA,NA,NA,NA,NA,NA,NA,NA,NA,NA,NA,NA,NA,NA,NA,NA,0.295,-0.17,-1.005,-1.18
2021,NA,NA,NA,NA,NA,NA,NA,NA,NA,NA,NA,NA,NA,NA,NA,NA,NA,NA,NA,NA,NA,NA,NA,NA,NA,-1.075,-1.015,-1.44,-1.44
2022,NA,NA,NA,NA,NA,NA,NA,NA,NA,NA,NA,NA,NA,NA,NA,NA,NA,NA,NA,NA,NA,NA,NA,NA,NA,-0.995,-1.645,-2,-1.645
2023,NA,NA,NA,NA,NA,NA,NA,NA,NA,NA,NA,NA,NA,NA,NA,NA,NA,NA,NA,NA,NA,NA,NA,NA,NA,-1.01,-0.21,0.44,0.6
