year,ersstArc.win,ersstArc.spr,ersstArc.sum,ersstArc.aut,ersstWAcoast.win,ersstWAcoast.spr,ersstWAcoast.sum,ersstWAcoast.aut,transport.win,transport.spr,transport.sum,transport.aut,CRflow.win,CRflow.spr,CRflow.sum,CRtemp.spr,CRtemp.sum,cui.win,cui.spr,cui.sum,cui.aut,mei.win,mei.spr,mei.sum,mei.aut,npgo.win,npgo.spr,npgo.sum,npgo.aut,npi.win,npi.spr,npi.sum,npi.aut,oni.win,oni.spr,oni.sum,oni.aut,pdo.win,pdo.spr,pdo.sum,pdo.aut,F.S2.ParrSu,F.S3.ParrF,T.S2.ParrSu,T.S4.ParrW,aprmayjunetempLGR,aprmayjuneflowLGR,aprmayjunBON.scrollTEMP,aprmayjunFLOW.obs
1900,-0.189683093695805,0.150865058378242,0.0485495367269406,0.252337685124628,NA,NA,NA,NA,NA,NA,NA,NA,NA,NA,NA,NA,NA,NA,NA,NA,NA,NA,NA,NA,NA,NA,NA,NA,NA,1006.75,1010.22,1014.95666666667,1013.63333333333,NA,NA,NA,NA,0.68,0.536666666666667,0.58,-0.15,NA,NA,NA,NA,NA,NA,NA,NA
1901,0.0178150907330129,-0.39650441572584,-0.826481237630734,-0.836173174024998,NA,NA,NA,NA,NA,NA,NA,NA,NA,NA,NA,NA,NA,NA,NA,NA,NA,NA,NA,NA,NA,NA,NA,NA,NA,1008.44333333333,1016.77333333333,1015.88333333333,1011.85,NA,NA,NA,NA,0.62,0.18,-0.616666666666667,-0.256666666666667,NA,NA,NA,NA,NA,NA,NA,NA
1902,-0.321455920153651,-0.288164510535098,-0.0464929865694594,-0.205908253823204,NA,NA,NA,NA,NA,NA,NA,NA,NA,NA,NA,NA,NA,NA,NA,NA,NA,NA,NA,NA,NA,NA,NA,NA,NA,1006.73333333333,1015.81333333333,1015.49333333333,1013.52333333333,NA,NA,NA,NA,0.753333333333333,0.98,1.22333333333333,0.433333333333333,NA,NA,NA,NA,NA,NA,NA,NA
1903,-0.37691431346981,-0.96379967756655,-0.837914390125494,-0.846427252374846,NA,NA,NA,NA,NA,NA,NA,NA,NA,NA,NA,NA,NA,NA,NA,NA,NA,NA,NA,NA,NA,NA,NA,NA,NA,1012.45,1017.38333333333,1015.86666666667,1013.5,NA,NA,NA,NA,-0.16,-0.0966666666666667,0.546666666666667,0.00666666666666667,NA,NA,NA,NA,NA,NA,NA,NA
1904,-0.706634375692784,-0.75763416783563,-1.38656055735446,-0.528587216892462,NA,NA,NA,NA,NA,NA,NA,NA,NA,NA,NA,NA,NA,NA,NA,NA,NA,NA,NA,NA,NA,NA,NA,NA,NA,1012.65666666667,1015.79333333333,1017.70333333333,1013.39,NA,NA,NA,NA,-0.103333333333333,-0.333333333333333,-1.25,0.646666666666667,NA,NA,NA,NA,NA,NA,NA,NA
1905,-0.455936612342966,-0.345350252348801,-0.32373303709359,-0.430332734667022,NA,NA,NA,NA,NA,NA,NA,NA,NA,NA,NA,NA,NA,NA,NA,NA,NA,NA,NA,NA,NA,NA,NA,NA,NA,1008.11,1011.91666666667,1016.62333333333,1013.31333333333,NA,NA,NA,NA,0.566666666666667,0.943333333333333,0.933333333333333,0.31,NA,NA,NA,NA,NA,NA,NA,NA
1906,-0.406261756502349,-0.32484395894511,-0.478018134215782,-0.349948668205875,NA,NA,NA,NA,NA,NA,NA,NA,NA,NA,NA,NA,NA,NA,NA,NA,NA,NA,NA,NA,NA,NA,NA,NA,NA,1009.93666666667,1013.86666666667,1014.80666666667,1012.32666666667,NA,NA,NA,NA,0.533333333333333,0.67,0.266666666666667,0.486666666666667,NA,NA,NA,NA,NA,NA,NA,NA
1907,-0.537171862180206,-0.609163523679492,-0.441472185617206,-0.647083816857174,NA,NA,NA,NA,NA,NA,NA,NA,NA,NA,NA,NA,NA,NA,NA,NA,NA,NA,NA,NA,NA,NA,NA,NA,NA,1013.13333333333,1016.5,1016.66666666667,1014.38333333333,NA,NA,NA,NA,-0.386666666666667,-0.0633333333333333,0.08,0.423333333333333,NA,NA,NA,NA,NA,NA,NA,NA
1908,-0.672639536103983,-0.958785699325046,-1.51774366532249,-1.29734348702705,NA,NA,NA,NA,NA,NA,NA,NA,NA,NA,NA,NA,NA,NA,NA,NA,NA,NA,NA,NA,NA,NA,NA,NA,NA,1009.12,1016.84333333333,1016.66,1011.29,NA,NA,NA,NA,1.03333333333333,0.376666666666667,-0.01,-0.0333333333333333,NA,NA,NA,NA,NA,NA,NA,NA
1909,-0.865510121296192,-0.956876119662975,-1.34486806474883,-1.64298784732819,NA,NA,NA,NA,NA,NA,NA,NA,NA,NA,NA,NA,NA,NA,NA,NA,NA,NA,NA,NA,NA,NA,NA,NA,NA,1010.55666666667,1016.16333333333,1016.42666666667,1013.71333333333,NA,NA,NA,NA,0.8,0.13,-0.57,-0.436666666666667,NA,NA,NA,NA,NA,NA,NA,NA
1910,-1.39572635827393,-1.10019239166687,-1.3790543356161,-1.56111404950591,NA,NA,NA,NA,NA,NA,NA,NA,NA,NA,NA,NA,NA,NA,NA,NA,NA,NA,NA,NA,NA,NA,NA,NA,NA,1012.17333333333,1011.83666666667,1017.58333333333,1013.03333333333,NA,NA,NA,NA,-0.32,-0.0833333333333333,-0.103333333333333,-0.08,NA,NA,NA,NA,NA,NA,NA,NA
1911,-1.20545745416619,-1.2931357050079,-1.4438573922234,-0.859816939803376,NA,NA,NA,NA,NA,NA,NA,NA,NA,NA,NA,NA,NA,NA,NA,NA,NA,NA,NA,NA,NA,NA,NA,NA,NA,1012.65666666667,1015.53666666667,1017.34666666667,1012.59,NA,NA,NA,NA,-0.09,-0.446666666666667,0.31,-0.123333333333333,NA,NA,NA,NA,NA,NA,NA,NA
1912,-0.764560682609164,-0.445756287684386,-0.408703374314582,-0.763674944296651,NA,NA,NA,NA,NA,NA,NA,NA,NA,NA,NA,NA,NA,NA,NA,NA,NA,NA,NA,NA,NA,NA,NA,NA,NA,1006.6,1014.17666666667,1015.87333333333,1011.85666666667,NA,NA,NA,NA,-0.646666666666667,-0.146666666666667,0.333333333333333,0.746666666666667,NA,NA,NA,NA,NA,NA,NA,NA
1913,-0.655898044027131,-0.615473446078684,-0.511437784392258,-0.785907576550012,NA,NA,NA,NA,NA,NA,NA,NA,NA,NA,NA,NA,NA,NA,NA,NA,NA,NA,NA,NA,NA,NA,NA,NA,NA,1009.37,1013.17333333333,1016.37,1013.00333333333,NA,NA,NA,NA,0.43,-0.0666666666666667,1.26,0.7,NA,NA,NA,NA,NA,NA,NA,NA
1914,-0.754511697264923,-0.36832373553309,-0.80272538360508,-0.618531527464417,NA,NA,NA,NA,NA,NA,NA,NA,NA,NA,NA,NA,NA,NA,NA,NA,NA,NA,NA,NA,NA,NA,NA,NA,NA,1005.51,1015.77333333333,1015.99666666667,1012.80333333333,NA,NA,NA,NA,0.316666666666667,0.463333333333333,0.00333333333333334,-0.14,NA,NA,NA,NA,NA,NA,NA,NA
1915,-0.416870124860742,-0.0454674446719816,0.0159078948799221,-0.514155576969015,NA,NA,NA,NA,NA,NA,NA,NA,NA,NA,NA,NA,NA,NA,NA,NA,NA,NA,NA,NA,NA,NA,NA,NA,NA,1010.88333333333,1010.49333333333,1018.29,1013.91,NA,NA,NA,NA,0.206666666666667,0.166666666666667,0.776666666666667,-0.2,NA,NA,NA,NA,NA,NA,NA,NA
1916,-0.667698776173866,-0.962247345639371,-1.42652241772619,-1.30903017192051,NA,NA,NA,NA,NA,NA,NA,NA,NA,NA,NA,NA,NA,NA,NA,NA,NA,NA,NA,NA,NA,NA,NA,NA,NA,1013.16333333333,1015.02333333333,1016.94333333333,1015.83,NA,NA,NA,NA,-0.22,0.22,-0.776666666666667,-0.556666666666667,NA,NA,NA,NA,NA,NA,NA,NA
1917,-0.996875648799984,-0.933476797328598,-0.761707143125863,-0.627208863729718,NA,NA,NA,NA,NA,NA,NA,NA,NA,NA,NA,NA,NA,NA,NA,NA,NA,NA,NA,NA,NA,NA,NA,NA,NA,1009.67333333333,1015.73,1018.37,1014.13,NA,NA,NA,NA,-1.19,-0.0766666666666667,-0.05,-0.83,NA,NA,NA,NA,NA,NA,NA,NA
1918,-0.229162954050919,-0.431434076750416,-0.370021833770577,-0.440300889946948,NA,NA,NA,NA,NA,NA,NA,NA,NA,NA,NA,NA,NA,NA,NA,NA,NA,NA,NA,NA,NA,NA,NA,NA,NA,1007.72666666667,1017.02666666667,1016.12333333333,1012.35,NA,NA,NA,NA,-0.796666666666667,-0.6,0.246666666666667,0.12,NA,NA,NA,NA,NA,NA,NA,NA
1919,-1.04153779231269,-0.932072865483405,-1.09270240630227,-0.643427383214578,NA,NA,NA,NA,NA,NA,NA,NA,NA,NA,NA,NA,NA,NA,NA,NA,NA,NA,NA,NA,NA,NA,NA,NA,NA,1007,1011.77666666667,1017.98,1015.00333333333,NA,NA,NA,NA,0.366666666666667,-0.0833333333333333,-0.266666666666667,-0.386666666666667,NA,NA,NA,NA,NA,NA,NA,NA
1920,-0.721017436254984,-0.7298838717499,-0.652877390795741,-0.847763088927872,NA,NA,NA,NA,NA,NA,NA,NA,NA,NA,NA,NA,NA,NA,NA,NA,NA,NA,NA,NA,NA,NA,NA,NA,NA,1010.08333333333,1017.07666666667,1015.47666666667,1012.66,NA,NA,NA,NA,-0.12,-1.01333333333333,-1.47,-0.866666666666667,NA,NA,NA,NA,NA,NA,NA,NA
1921,-0.875337392297284,-0.646763356389671,-0.680516620340018,-0.466690321900379,NA,NA,NA,NA,NA,NA,NA,NA,NA,NA,NA,NA,NA,NA,NA,NA,NA,NA,NA,NA,NA,NA,NA,NA,NA,1007.99333333333,1015.62,1016.38333333333,1012.17,NA,NA,NA,NA,-0.326666666666667,-0.453333333333333,-0.29,0.303333333333333,NA,NA,NA,NA,NA,NA,NA,NA
1922,-0.555770713844518,-0.848180678795124,-0.587922752588645,-0.346598011871864,NA,NA,NA,NA,NA,NA,NA,NA,NA,NA,NA,NA,NA,NA,NA,NA,NA,NA,NA,NA,NA,NA,NA,NA,NA,1012.06,1014.51666666667,1018.25666666667,1013.68333333333,NA,NA,NA,NA,0.54,0.106666666666667,-0.93,-0.19,NA,NA,NA,NA,NA,NA,NA,NA
1923,-0.4497119635001,-0.350715994286811,-0.216247698356365,-0.157887307528792,NA,NA,NA,NA,NA,NA,NA,NA,NA,NA,NA,NA,NA,NA,NA,NA,NA,NA,NA,NA,NA,NA,NA,NA,NA,1009.05333333333,1014.47,1015.81666666667,1010.58333333333,NA,NA,NA,NA,0.396666666666667,0.426666666666667,0.893333333333333,0.493333333333333,NA,NA,NA,NA,NA,NA,NA,NA
1924,-0.517298162531579,-0.662891197341612,-0.390480747442136,-0.939674433894541,NA,NA,NA,NA,NA,NA,NA,NA,NA,NA,NA,NA,NA,NA,NA,NA,NA,NA,NA,NA,NA,NA,NA,NA,NA,1007.61333333333,1014.41,1016.92,1011.87666666667,NA,NA,NA,NA,0.553333333333333,0.49,-0.156666666666667,-0.496666666666667,NA,NA,NA,NA,NA,NA,NA,NA
1925,-0.713030909806832,-0.777865704448744,-0.569973972748066,0.0907083275674403,NA,NA,NA,NA,NA,NA,NA,NA,NA,NA,NA,NA,NA,NA,NA,NA,NA,NA,NA,NA,NA,NA,NA,NA,NA,1007.38666666667,1013.13333333333,1017.23,1011.50333333333,NA,NA,NA,NA,-0.0266666666666667,0.616666666666667,-0.666666666666667,0.48,NA,NA,NA,NA,NA,NA,NA,NA
1926,0.174157279044732,0.503433381003895,0.352559497438628,0.609905948310063,NA,NA,NA,NA,NA,NA,NA,NA,NA,NA,NA,NA,NA,NA,NA,NA,NA,NA,NA,NA,NA,NA,NA,NA,NA,1003.23,1009.29,1015.55333333333,1009.74,NA,NA,NA,NA,0.823333333333333,1.01,1.57333333333333,1.27666666666667,NA,NA,NA,NA,NA,NA,NA,NA
1927,0.529433190548557,-0.303411778465085,-0.589814129094968,-0.709035223379902,NA,NA,NA,NA,NA,NA,NA,NA,NA,NA,NA,NA,NA,NA,NA,NA,NA,NA,NA,NA,NA,NA,NA,NA,NA,1006.14,1016.86666666667,1016.11,1011.79666666667,NA,NA,NA,NA,1.28666666666667,0.09,-0.116666666666667,-0.366666666666667,NA,NA,NA,NA,NA,NA,NA,NA
1928,-0.318420763878987,-0.253681714507355,-0.620836896457891,-0.803941324113429,NA,NA,NA,NA,NA,NA,NA,NA,NA,NA,NA,NA,NA,NA,NA,NA,NA,NA,NA,NA,NA,NA,NA,NA,NA,1007.28333333333,1012.29666666667,1016.49666666667,1011.78,NA,NA,NA,NA,0.606666666666667,0.663333333333333,-0.09,-0.86,NA,NA,NA,NA,NA,NA,NA,NA
1929,-0.354241459260042,-0.330265091102699,-0.109891053451889,-0.181895528716603,NA,NA,NA,NA,NA,NA,NA,NA,NA,NA,NA,NA,NA,NA,NA,NA,NA,NA,NA,NA,NA,NA,NA,NA,NA,1005.60666666667,1014.23666666667,1015.66666666667,1011.05,NA,NA,NA,NA,0.823333333333333,0.706666666666667,-0.0833333333333333,0.493333333333333,NA,NA,NA,NA,11.26692308,65.98945055,NA,NA
1930,0.068080547897295,-0.26504746147956,-0.387623271174814,0.0300419149727657,NA,NA,NA,NA,NA,NA,NA,NA,NA,NA,NA,NA,NA,NA,NA,NA,NA,NA,NA,NA,NA,NA,NA,NA,NA,1008.72,1014.58666666667,1016.47666666667,1013.19666666667,NA,NA,NA,NA,-0.04,-0.356666666666667,-0.133333333333333,-0.296666666666667,NA,NA,NA,NA,13.31263736,59.58923077,NA,NA
1931,-0.0650163828641519,-0.0411230536712997,0.0135156472524007,-0.248394271971165,NA,NA,NA,NA,NA,NA,NA,NA,NA,NA,NA,NA,NA,NA,NA,NA,NA,NA,NA,NA,NA,NA,NA,NA,NA,1003.02,1012.45666666667,1015.68,1014.04666666667,NA,NA,NA,NA,0.946666666666667,1.35666666666667,0.633333333333333,0.0533333333333333,NA,NA,NA,NA,13.11703297,46.10516484,NA,NA
1932,-0.691075219779179,-0.549219010684682,-0.977529682510201,-0.77616793698278,NA,NA,NA,NA,NA,NA,NA,NA,NA,NA,NA,NA,NA,NA,NA,NA,NA,NA,NA,NA,NA,NA,NA,NA,NA,1012.30333333333,1010.83333333333,1016.92,1013.04,NA,NA,NA,NA,0.0833333333333334,0.766666666666667,-0.0533333333333333,-0.523333333333333,NA,NA,NA,NA,11.7256044,102.636044,NA,NA
1933,-0.589257308258407,-0.952559733322297,-1.3686231426809,-1.1616587781358,NA,NA,NA,NA,NA,NA,NA,NA,NA,NA,NA,NA,NA,NA,NA,NA,NA,NA,NA,NA,NA,NA,NA,NA,NA,1010.02666666667,1014.07,1016.80666666667,1012.86333333333,NA,NA,NA,NA,0.11,-0.133333333333333,-1.35,-0.973333333333333,NA,NA,NA,NA,11.23813187,93.18032967,NA,NA
1934,-0.45742926460573,0.345234994710177,-0.00744958581595585,-0.0492733371668848,NA,NA,NA,NA,NA,NA,NA,NA,NA,NA,NA,NA,NA,NA,NA,NA,NA,NA,NA,NA,NA,NA,NA,NA,NA,1004.36333333333,1011.74,1017.68666666667,1011.52333333333,NA,NA,NA,NA,-0.0833333333333333,1.4,0.83,1.66,NA,NA,NA,NA,13.93186813,59.86120879,NA,NA
1935,-0.119396968066007,-0.0986176128360047,-0.208210684787268,0.0651265665032398,NA,NA,NA,NA,NA,NA,NA,NA,NA,NA,NA,NA,NA,NA,NA,NA,NA,NA,NA,NA,NA,NA,NA,NA,NA,1007.37666666667,1014.55,1016.52666666667,1014.33,NA,NA,NA,NA,1.15666666666667,0.66,0.9,0.44,NA,NA,NA,NA,11.72472527,64.7067033,NA,NA
1936,0.235395122259513,0.433884886695051,0.836084438192433,0.607801913666999,NA,NA,NA,NA,NA,NA,NA,NA,NA,NA,NA,NA,NA,NA,NA,NA,NA,NA,NA,NA,NA,NA,NA,NA,NA,1003.17333333333,1013.47333333333,1016.54,1011.73333333333,NA,NA,NA,NA,1.77333333333333,1.50333333333333,2.21666666666667,1.59666666666667,NA,NA,NA,NA,12.29274725,96.05692308,NA,NA
1937,0.085389655896987,-0.0939151357645276,-0.0302982001469053,0.260631834227463,NA,NA,NA,NA,NA,NA,NA,NA,NA,NA,NA,NA,NA,NA,NA,NA,NA,NA,NA,NA,NA,NA,NA,NA,NA,1014.34333333333,1012.99333333333,1016,1011.76666666667,NA,NA,NA,NA,0.263333333333333,0.37,0.503333333333333,0.403333333333333,NA,NA,NA,NA,12.39472527,53.48648352,NA,NA
1938,0.0665551674777064,-0.345309148437675,-0.218653373060555,-0.348427237587414,NA,NA,NA,NA,NA,NA,NA,NA,NA,NA,NA,NA,NA,NA,NA,NA,NA,NA,NA,NA,NA,NA,NA,NA,NA,1007.47,1011.71,1017.43333333333,1011.16666666667,NA,NA,NA,NA,0.356666666666667,0.0866666666666667,-0.286666666666667,0.18,NA,NA,NA,NA,11.62857143,105.4706593,NA,NA
1939,-0.48618916615672497,-0.460644399982759,-0.611328367803289,-0.455056750363317,NA,NA,NA,NA,NA,NA,NA,NA,NA,NA,NA,NA,NA,NA,NA,NA,NA,NA,NA,NA,NA,NA,NA,NA,NA,1007.19666666667,1014.79333333333,1016.54333333333,1012.93,NA,NA,NA,NA,0.943333333333333,0.346666666666667,0.03,-1.09666666666667,NA,NA,NA,NA,12.71450549,65.41054945,NA,NA
1940,-0.0635386964370464,0.696928509213459,0.592143552056674,0.398620457484804,NA,NA,NA,NA,NA,NA,NA,NA,NA,NA,NA,NA,NA,NA,NA,NA,NA,NA,NA,NA,NA,NA,NA,NA,NA,1000.45,1010.17666666667,1015.73333333333,1011.39333333333,NA,NA,NA,NA,1.76,2.19333333333333,1.98333333333333,0.99,NA,NA,NA,NA,12.93582418,72.11791209,NA,NA
1941,0.827849396206867,0.827728664395453,0.817386755998107,0.960430151840736,NA,NA,NA,NA,NA,NA,NA,NA,NA,NA,NA,NA,NA,NA,NA,NA,NA,NA,NA,NA,NA,NA,NA,NA,NA,1002.18333333333,1011.71666666667,1014.88,1013.14666666667,NA,NA,NA,NA,2.05666666666667,2.18333333333333,2.88333333333333,1.20333333333333,NA,NA,NA,NA,13.03373626,54.37604396,NA,NA
1942,0.848159824294605,0.368870153714871,0.223745008446704,0.328779753323259,NA,NA,NA,NA,NA,NA,NA,NA,NA,NA,NA,NA,NA,NA,NA,NA,NA,NA,NA,NA,NA,NA,NA,NA,NA,1004.85,1013.42,1015.42,1014.08666666667,NA,NA,NA,NA,0.903333333333333,0.64,0.583333333333333,0.373333333333333,NA,NA,NA,NA,11.75945055,82.99923077,NA,NA
1943,-0.0104019199979716,0.069734078508684,-0.0855825287172164,-0.218535250904916,NA,NA,NA,NA,NA,NA,NA,NA,NA,NA,NA,NA,NA,NA,NA,NA,NA,NA,NA,NA,NA,NA,NA,NA,NA,1010.12666666667,1013.74333333333,1016.17666666667,1010.16666666667,NA,NA,NA,NA,-0.386666666666667,0.59,-0.193333333333333,-0.08,NA,NA,NA,NA,11.15945055,130.2685714,NA,NA
1944,0.136064777429076,-0.144889562499934,-0.272254718035117,0.0156195788547911,NA,NA,NA,NA,NA,NA,NA,NA,NA,NA,NA,NA,NA,NA,NA,NA,NA,NA,NA,NA,NA,NA,NA,NA,NA,1006.18,1013.59333333333,1016.88,1012.95333333333,NA,NA,NA,NA,0.31,0.15,-0.63,-0.21,NA,NA,NA,NA,12.50725275,55.60153846,NA,NA
1945,0.43040275354495,0.230837992210498,0.0641026332460601,0.145347502039767,NA,NA,NA,NA,NA,NA,NA,NA,NA,NA,NA,NA,NA,NA,NA,NA,NA,NA,NA,NA,NA,NA,NA,NA,NA,1002.695,1014,1017.02,1014.50666666667,NA,NA,NA,NA,-0.0333333333333333,-0.296666666666667,0.586666666666667,-0.703333333333333,NA,NA,NA,NA,11.45362637,80.53428571,NA,NA
1946,-0.285956440574821,-0.106897702641871,-0.0884369285627343,-0.329226833102347,NA,NA,NA,NA,NA,NA,NA,NA,NA,NA,NA,NA,NA,NA,NA,NA,NA,NA,NA,NA,NA,NA,NA,NA,NA,1005.71,1014.11,1016.44,1014.38,NA,NA,NA,NA,-0.656666666666667,-0.23,-0.686666666666667,-0.686666666666667,NA,NA,NA,NA,12.18648352,95.74175824,NA,NA
1947,-0.494496081889361,0.0640205980717451,0.322562205106363,-0.108266131631259,NA,NA,NA,NA,NA,NA,NA,NA,NA,NA,NA,NA,NA,-29.5,10,28,-20,NA,NA,NA,NA,NA,NA,NA,NA,1009.34333333333,1011.95,1016.49666666667,1011.46333333333,NA,NA,NA,NA,-0.66,0.746666666666667,0.606666666666667,0.43,NA,NA,NA,NA,12.47989011,97.29791209,NA,NA
1948,-0.712929757367605,-0.544262722031824,0.28051688479281,-0.711063840745509,NA,NA,NA,NA,NA,NA,NA,NA,NA,NA,NA,NA,NA,-37,-8.66666666666667,32,-14,NA,NA,NA,NA,NA,NA,NA,NA,1010.92333333333,1017.78666666667,1016.84333333333,1012.29666666667,NA,NA,NA,NA,0.273333333333333,-0.53,-0.8,-1.31666666666667,NA,NA,NA,NA,10.97901099,134.7651648,NA,NA
1949,-0.981335641597879,-0.59672804310404,-0.41221853864604,-0.386702374480237,NA,NA,NA,NA,NA,NA,NA,NA,NA,NA,NA,NA,NA,-32.3333333333333,0,42,-67.3333333333333,NA,NA,NA,NA,NA,NA,NA,NA,1012.35333333333,1011.99666666667,1017.44666666667,1011.19,NA,NA,NA,NA,-2.43666666666667,-0.866666666666667,-0.853333333333333,-1.05666666666667,NA,NA,NA,NA,11.78571429,108.7076923,NA,NA
1950,-0.408283926221146,-0.60302137807868,-0.759274499169711,-0.339224128065438,NA,NA,NA,NA,NA,NA,NA,NA,NA,NA,NA,NA,NA,-77.3333333333333,-1.33333333333333,39.3333333333333,-37.3333333333333,NA,NA,NA,NA,-1.81711325,-0.819301953333333,-0.624160913333333,-0.24639503,1011.91666666667,1013.03,1014.83333333333,1013.25,-1.4,-1.16666666666667,-0.6,-0.466666666666667,-1.94666666666667,-1.52,-1.8,-1.98666666666667,NA,NA,NA,NA,10.56934066,110.5071429,NA,NA
1951,-0.241085858728694,-0.537583936905039,-0.14388334614107,-0.0522749514415346,NA,NA,NA,NA,NA,NA,NA,NA,NA,NA,NA,NA,NA,-90.6666666666667,16,87.6666666666667,-49.3333333333333,NA,NA,NA,NA,-0.461907613333333,-0.734031646666667,-1.23800606666667,-1.16698223333333,1009.15,1013.44666666667,1016.11333333333,1011.12,-0.7,0.133333333333333,0.733333333333333,1.06666666666667,-1.12,-0.836666666666667,-0.586666666666667,-0.226666666666667,NA,NA,NA,NA,11.26659341,100.4481319,NA,NA
1952,-0.549945403241563,-0.613977553036021,-0.687074752511649,-0.208780843636085,NA,NA,NA,NA,NA,NA,NA,NA,NA,NA,NA,NA,NA,-61.3333333333333,5.66666666666667,54.3333333333333,-16.6666666666667,NA,NA,NA,NA,-1.2169328,-0.576581256666667,-1.068577,-0.385547836666667,1010.65,1014.52,1016.63333333333,1011.9,0.566666666666667,0.266666666666667,-0.0333333333333333,0.1,-1.38333333333333,-0.893333333333333,-1.09333333333333,-0.666666666666667,NA,NA,NA,NA,11.23021978,138.2549451,NA,NA
1953,-0.415859739670808,-0.485541224479675,-0.157886527050501,-0.381292123356085,NA,NA,NA,NA,NA,NA,NA,NA,NA,NA,NA,NA,NA,-169.666666666667,-6,33.6666666666667,-46,NA,NA,NA,NA,0.84566811,1.24608006666667,0.9054612,1.14062287,1004.82333333333,1012.80333333333,1017.34333333333,1010.71333333333,0.366666666666667,0.7,0.733333333333333,0.8,-0.2,-0.213333333333333,0.36,-0.583333333333333,NA,NA,NA,NA,10.53263736,98.70967033,NA,NA
1954,-0.441306506080189,-0.34114930239217,-0.310942345652087,0.0909976920862307,NA,NA,NA,NA,NA,NA,NA,NA,NA,NA,NA,NA,NA,-67.6666666666667,11.3333333333333,26,-60.3333333333333,NA,NA,NA,NA,1.2231421,-0.15239996,0.00387993533333334,0.0919163933333333,1008.77333333333,1016.00666666667,1016.11666666667,1010.43333333333,0.7,-0.3,-0.633333333333333,-0.8,-0.953333333333333,-0.613333333333333,0.493333333333333,0.1,NA,NA,NA,NA,10.95395604,91.41659341,NA,NA
1955,-0.282913187111931,-0.709745603251731,-1.02530290011702,-1.08274445835201,NA,NA,NA,NA,NA,NA,NA,NA,NA,NA,NA,NA,NA,-70,22.6666666666667,75.3333333333333,-6,NA,NA,NA,NA,0.160352436666667,0.0287150466666667,0.0568700076666667,-0.238149799666667,1011.42333333333,1015.88333333333,1016.92333333333,1014.08333333333,-0.666666666666667,-0.766666666666667,-0.7,-1.4,-0.606666666666667,-1.48,-2.34666666666667,-2.61,NA,NA,NA,NA,10.10406593,86.24142857,NA,NA
1956,-0.503038929043145,-0.632658042578862,-0.440516792494675,-0.435052625886325,NA,NA,NA,NA,NA,NA,NA,NA,NA,NA,NA,NA,NA,-81.3333333333333,30.6666666666667,57.6666666666667,-6.66666666666667,NA,NA,NA,NA,-0.17856907,0.0422338473333333,0.491580273333333,0.00762869266666667,1011.51,1013.93,1016.37,1013.69,-1.13333333333333,-0.533333333333333,-0.566666666666667,-0.433333333333333,-2.65666666666667,-2.04666666666667,-1.29666666666667,-1.70666666666667,NA,NA,NA,NA,11.22967033,134.9264835,NA,NA
1957,-0.459513886906635,0.0988710920015971,0.601629643604673,0.723132630052238,NA,NA,NA,NA,NA,NA,NA,NA,NA,NA,NA,NA,NA,-29.3333333333333,-1.66666666666667,45.3333333333333,-3.66666666666667,NA,NA,NA,NA,-1.33251185,-1.21097663333333,-0.943163293333333,-1.11943286666667,1010.88666666667,1011.60666666667,1015.87333333333,1010.32333333333,-0.166666666666667,0.666666666666667,1.23333333333333,1.4,-1.26,0.00666666666666666,0.996666666666667,0.923333333333333,NA,NA,NA,NA,11.1489011,129.2565934,NA,NA
1958,0.484303436334106,0.485709394189133,0.789846682274479,0.230131201908506,NA,NA,NA,NA,NA,NA,NA,NA,NA,NA,NA,NA,NA,-186,11,78.6666666666667,-9,NA,NA,NA,NA,-0.151136016666667,-0.90734607,-0.740629096666667,-0.49592015,1005.36,1013.6,1015.84666666667,1013.30333333333,1.73333333333333,0.966666666666667,0.533333333333333,0.433333333333333,0.106666666666667,0.863333333333333,1.09333333333333,0.04,NA,NA,NA,NA,11.42230769,109.3642857,NA,NA
1959,0.453698130311637,0.228067805986295,0.183256256169286,0.28328949281539,NA,NA,NA,NA,NA,NA,NA,NA,NA,NA,NA,NA,NA,-73.6666666666667,15,74,-3.66666666666667,NA,NA,NA,NA,-0.29102917,-0.427073893333333,-0.424687156666667,0.0529408303333333,1009.15,1014.61333333333,1016.73333333333,1010.58333333333,0.6,0.333333333333333,-0.2,-0.0333333333333333,0.373333333333333,-0.246666666666667,-0.226666666666667,0.26,NA,NA,NA,NA,11.00879121,87.5189011,NA,NA
1960,0.0617949115133834,0.0399598891707672,-0.0495913017755267,-0.359063562853583,NA,NA,NA,NA,NA,NA,NA,NA,NA,NA,NA,NA,NA,-62,-17.3333333333333,54,-33.3333333333333,NA,NA,NA,NA,0.752581116666667,0.858557096666667,0.486747136666667,0.655293223333333,1007.90333333333,1014.35333333333,1016.86333333333,1013.36333333333,-0.0666666666666667,-0.0333333333333333,0.1,0.2,0.293333333333333,0.263333333333333,-0.00333333333333334,-0.36,1071.485305,1061.315412,13.7,-3.766666667,11.03296703,84.41769231,NA,NA
1961,-0.0964678583473995,-0.00307579732489312,0.0962149362454469,-0.270432194348039,NA,NA,NA,NA,NA,NA,NA,NA,NA,NA,NA,NA,NA,-158,-26.3333333333333,35,-3.33333333333333,NA,NA,NA,NA,1.1995759,1.36892174,1.11306326666667,0.44742972,1003.95333333333,1014.47666666667,1016.82,1014.66,0.0333333333333333,0.1,0.1,-0.266666666666667,0.593333333333333,0.123333333333333,-0.986666666666667,-2.04666666666667,933.534767,1059.718996,13.56666667,-7.133333333,11.39274725,76.95758242,NA,NA
1962,-0.301333415439759,-0.162548523730245,-0.255460592796063,-0.309144981428124,NA,NA,NA,NA,NA,NA,NA,NA,NA,NA,NA,NA,NA,-26.6666666666667,9.66666666666667,52.3333333333333,-40.3333333333333,NA,NA,NA,NA,0.140785213333333,-0.606035993333333,-0.245723319,0.314687033333333,1009.20666666667,1016.65,1017.36333333333,1011.68,-0.2,-0.266666666666667,-0.1,-0.2,-1.71,-1.14666666666667,-1.18666666666667,-1.16666666666667,1507.15448,1389.483871,12.5,-4.1,11.08857143,92.87417582,NA,NA
1963,0.194908005341716,0.258994492100573,0.0576596517672484,0.401112528504996,NA,NA,NA,NA,NA,NA,NA,NA,NA,NA,NA,NA,NA,-69,-1.33333333333333,48.3333333333333,-40.3333333333333,NA,NA,NA,NA,-0.209223423333333,-0.778448603333333,-0.405845533333333,0.429334713333333,1003.83333333333,1016.91333333333,1017.03666666667,1011.44333333333,-0.333333333333333,0.266666666666667,0.833333333333333,1.3,-0.483333333333333,-0.533333333333333,-0.97,-0.716666666666667,1835.501792,1280.594982,13.36666667,-7.866666667,11.21494505,87.25494505,NA,NA
1964,0.229262190235072,-0.490167916848742,-0.395032952845782,-0.639780584697066,NA,NA,NA,NA,NA,NA,NA,NA,NA,NA,NA,NA,NA,-65.6666666666667,34.6666666666667,41,-12.3333333333333,NA,NA,NA,NA,0.635469503333333,0.291241286666667,1.08998458333333,0.566539797333333,1006.51333333333,1018.28,1015.44,1013.81333333333,1,-0.266666666666667,-0.633333333333333,-0.8,-0.426666666666667,-1.27,-0.62,-0.616666666666667,1775.218638,1366.992832,12.3,-5.233333333,10.41450549,113.1887912,NA,NA
1965,-0.533142126771225,-0.427585536995153,-0.612240761724012,0.0115695492974643,NA,NA,NA,NA,NA,NA,NA,NA,NA,NA,NA,NA,NA,-62.3333333333333,33,83.3333333333333,-26.6666666666667,NA,NA,NA,NA,-0.708754603333333,-0.993733446666667,-0.65548186,-0.8195278,1008.79666666667,1014.37,1015.73666666667,1013.63333333333,-0.566666666666667,0.2,1.16666666666667,1.96666666666667,-1.30666666666667,-1.15828932093868e-17,-0.356666666666667,-0.12,3772.329749,1522.462366,11.73333333,-5.7,10.97824176,129.3315385,NA,NA
1966,-0.42938610890816,-0.306475372561093,-0.288354081669073,-0.271245268295551,NA,NA,NA,NA,NA,NA,NA,NA,NA,NA,NA,NA,NA,-64.3333333333333,31.3333333333333,70,-12.6666666666667,NA,NA,NA,NA,-0.876998353333333,-1.21569434333333,-1.11850912666667,-0.830391996666667,1010.09,1014.65666666667,1015.97,1013.35666666667,1.43333333333333,0.7,0.166666666666667,-0.133333333333333,-0.263333333333333,-0.586666666666667,0.0233333333333333,-0.883333333333333,837.6354839,1054.078853,14.2,-4.166666667,11.97956044,61.04901099,NA,NA
1967,-0.164486398642091,-0.129832183903661,0.420874899283223,0.394542956626278,NA,NA,NA,NA,-98.3788546255507,-27.413698630137,-25.3038674033149,-36.5307262569832,NA,NA,NA,NA,NA,-88,28,120.666666666667,-24.3333333333333,NA,NA,NA,NA,-0.630369216666667,-1.00189171,-1.05981195333333,-0.210691651133333,1007.84,1018.41666666667,1015.80666666667,1011.02666666667,-0.4,-0.366666666666667,-0.0666666666666667,-0.333333333333333,-0.233333333333333,-1.11,-1.09666666666667,-0.47,2004.039068,1449.175627,15.33333333,-3.8,10.67351648,93.18417582,NA,NA
1968,-0.230163291267965,0.0602273031897929,0.578570951812569,-0.0370106499770592,NA,NA,NA,NA,109.254901960784,-102.242424242424,-41.1868131868132,-66.2722222222222,NA,NA,NA,NA,NA,-95,11,61.3333333333333,-47.3333333333333,NA,NA,NA,NA,-0.541789596666667,-1.01658945666667,-1.00638267333333,-0.625821636666667,1006.72333333333,1015.25666666667,1015.78333333333,1011.00333333333,-0.566666666666667,-0.333333333333333,0.466666666666667,0.533333333333333,-0.583333333333333,-0.623333333333333,0.123333333333333,-0.24,1525.784229,1392.964158,12.6,-5.666666667,11.42263736,70.34538462,NA,NA
1969,-0.298990053829105,-0.51259214264908,-0.060797748894527,-0.327196495560394,NA,NA,NA,NA,217.064245810056,-84.2767123287671,-39.4502762430939,-27.5580736543909,NA,NA,NA,NA,NA,-77.6666666666667,-3.33333333333333,71,-20.3333333333333,NA,NA,NA,NA,-1.38840374666667,-0.335863331,-0.57957761,0.087960005,1011.63,1012.65,1016.36,1011.04333333333,1.06666666666667,0.766666666666667,0.433333333333333,0.833333333333333,-1.16,-0.38,0.06,0.203333333333333,1479.294265,1252.272401,13.63333333,-4,11.68087912,109.4938462,NA,NA
1970,0.0437120704815306,-0.0886964083403006,-0.555201362741405,-0.379028190415481,NA,NA,NA,NA,19.8271954674221,-66.6675900277008,-40.1777777777778,18.7628571428571,NA,NA,NA,NA,NA,-108.666666666667,19.6666666666667,63.3333333333333,-16.6666666666667,NA,NA,NA,NA,0.204755103333333,-0.0500761833333333,0.35219072,0.136890333333333,1003.45,1013.95666666667,1015.85333333333,1014.37666666667,0.466666666666667,0.166666666666667,-0.566666666666667,-0.8,0.806666666666667,0.423333333333333,-0.75,-1.28666666666667,2094.437276,1416.315412,12.96666667,-5.566666667,10.74736264,102.5573626,NA,NA
1971,-0.532571635712152,-0.959956492980321,-0.935216982611294,-1.09368180351696,NA,NA,NA,NA,95.0056818181818,-62.4246575342466,-52.7671232876712,-34.0055096418733,NA,NA,NA,NA,NA,-51.3333333333333,5,34,-10.3333333333333,NA,NA,NA,NA,-0.0711822576666667,0.600884986666667,0.636532166666667,0.347181686666667,1010.63,1013.40333333333,1015.32666666667,1014.06666666667,-1.3,-0.866666666666667,-0.766666666666667,-0.9,-1.53666666666667,-1.60666666666667,-1.3,-0.42,2756.207885,1573.275986,13.13333333,-4.566666667,10.89549451,143.6164835,NA,NA
1972,-1.23434751417445,-0.799153530597687,-0.435185503411567,-0.59554156051285,NA,NA,NA,NA,104.421052631579,-65.3907103825137,-8.18852459016393,-8.00554016620499,NA,NA,NA,NA,NA,-49.6666666666667,2.66666666666667,54.3333333333333,-3.66666666666667,NA,NA,NA,NA,-0.322304651,-0.707543146666667,-0.50358629,-0.859019803333333,1012.53333333333,1014.80333333333,1016.04,1013.12666666667,-0.666666666666667,0.4,1.13333333333333,1.83333333333333,-1.89666666666667,-1.77,-0.816666666666667,0.283333333333333,2185.168459,1440.713262,12.66666667,-4.733333333,11.13395604,132.1579121,NA,NA
1973,-0.530981914887483,-0.561216995976437,-0.774937296187741,-0.79739697500207,NA,NA,NA,NA,80.4078212290503,-54.6318681318681,-45.3369565217391,36.8254847645429,NA,NA,NA,NA,NA,-74,22.3333333333333,68.6666666666667,-15.3333333333333,NA,NA,NA,NA,-0.438000431666667,0.0439082026666667,0.33506073,0.198195356666667,1009.08666666667,1013.93333333333,1016.84666666667,1014.63,1.7,-0.0333333333333333,-1.1,-1.7,-0.466666666666667,-0.65,-0.893333333333333,-1.06333333333333,1040.334767,1298.551971,13.56666667,-5.466666667,12.1256044,55.64384615,NA,NA
1974,-0.481572868084085,-0.533318635444532,-0.421093940186775,-0.0172013595186431,NA,NA,NA,NA,55.2022471910112,-60.3379120879121,-34.366391184573,1.21944444444444,NA,NA,NA,NA,NA,-72,-3,62.6666666666667,-8,NA,NA,NA,NA,-0.350173926666667,-0.0592448283333333,0.285837753333333,-0.0391846848,1007.69666666667,1012.45666666667,1015.87666666667,1011.86666666667,-1.8,-1.03333333333333,-0.566666666666667,-0.6,-1.21,-0.566666666666667,-0.04,0.256666666666667,2676.229391,1432.842294,13.1,-5.933333333,10.9310989,149.8903297,NA,NA
1975,-0.447241309593464,-0.915837153552592,-1.13756582271094,-1.01924303263083,NA,NA,NA,NA,76.59375,-21.8922651933702,-44.0769230769231,-34.8575498575499,NA,NA,NA,NA,NA,-61.6666666666667,20,68.6666666666667,-29.6666666666667,NA,NA,NA,NA,0.779842526666667,0.693643386666667,0.664931843333333,0.934524873333333,1008.40666666667,1015.94,1016.62333333333,1014.21666666667,-0.566666666666667,-0.733333333333333,-1.1,-1.46666666666667,-0.556666666666667,-0.943333333333333,-0.876666666666667,-1.53333333333333,3039.516129,1501.978495,13.33333333,-6.233333333,10.3332967,112.2069231,NA,NA
1976,-0.82204942257925,-0.905070131332025,-0.812862785931291,-0.423847285084341,NA,NA,NA,NA,-2.83333333333333,-99.9118457300276,-54.6054794520548,-19.0756302521008,NA,NA,NA,NA,NA,-38.3333333333333,3.66666666666667,32,-5.66666666666667,NA,NA,NA,NA,1.11342986666667,2.09899476666667,2.2568419,1.9000603,1008.07666666667,1014.53666666667,1015.42,1010.54333333333,-1.5,-0.5,0.2,0.766666666666667,-1.53333333333333,-0.843333333333333,0.406666666666667,1.06,2061.157706,1437.132616,12.76666667,-5.866666667,10.97813187,122.5486813,NA,NA
1977,0.235410754022927,-0.239288951953252,0.00723009986438971,-0.0455584991937396,NA,NA,NA,NA,-68.8027777777778,-59.2092391304348,-32.6994535519126,-59.0631868131868,NA,NA,NA,NA,NA,-65.3333333333333,6,61.6666666666667,-22.3333333333333,NA,NA,NA,NA,1.52847696666667,1.38928846666667,1.08179522666667,1.15605381666667,1001.75333333333,1016.42333333333,1015.67,1013.51,0.7,0.233333333333333,0.366666666666667,0.7,1.32666666666667,0.443333333333333,0.416666666666667,-0.626666666666667,852.4311828,1171.702151,12.83333333,-2.7,12.76417582,36.57901099,NA,NA
1978,0.0431562499068249,0.193244930519455,-0.164092306707097,-0.116349908675271,NA,NA,NA,NA,112.646892655367,-48.6318681318681,-9.26702997275204,-20.1222222222222,163116.666666667,222923.913043478,179053.260869565,NA,NA,-111,8.66666666666667,46.3333333333333,-1.33333333333333,NA,NA,NA,NA,1.10453535333333,0.552076593333333,0.55797851,0.459728406666667,1003.71,1013.49666666667,1016.92,1012.46,0.633333333333333,-0.133333333333333,-0.366666666666667,-0.266666666666667,0.366666666666667,1.17666666666667,-0.55,-0.136666666666667,2197.168459,1245.09319,12.13333333,-6.933333333,11.11296703,96.79065934,NA,NA
1979,-0.217950721307733,-0.0432644777599422,0.210290229731593,0.578819751739502,NA,NA,NA,NA,69.3621169916435,-60.2861035422343,-95.149863760218,28.6083333333333,154775.555555556,196728.260869565,135309.782608696,NA,NA,-58,13.3333333333333,49,-45,0.365,0.13,0.05,0.38,-0.62114414,-0.81500131,-1.07398596333333,-0.62992959,1011.12333333333,1012.39,1016.68,1011.18666666667,0.0333333333333333,0.233333333333333,0.0666666666666667,0.433333333333333,-0.78,0.76,0.51,0.846666666666667,874.8078853,1073.217921,13.83333333,-4.666666667,11.46747253,76.85274725,NA,NA
1980,0.36701537699535,0.151066226520758,-0.25615487866018,-0.306184844312997,0.264121413230896,0.109056870142619,-0.450718561808268,-0.303790012995402,128.691460055096,-57.717032967033,-53.6457765667575,5.6043956043956,147043.956043956,186173.913043478,186035.869565217,NA,NA,-110.333333333333,15.3333333333333,77,-43.6666666666667,0.396666666666667,0.516666666666667,0.463333333333333,0.0866666666666667,-1.38887589666667,-0.475883982666667,-0.918769883333333,-0.299145240666667,1005.14666666667,1012.13,1018.09666666667,1010.96333333333,0.566666666666667,0.4,0.266666666666667,0,0.263333333333333,1.26,0.173333333333333,0.606666666666667,1819.114695,1376.379928,12.33333333,-3.533333333,11.27692308,92.48505495,13.11959341,238.2604396
1981,0.22893625559478,0.381457142377722,0.282842243676898,0.0974571255431778,0.624603033065796,0.217673858006795,-0.628288507461548,-0.180848360061646,57.1472222222222,-69.0570652173913,-18.75,20.828729281768,194722.222222222,186293.47826087,251771.739130435,NA,NA,-129,-0.666666666666667,51.6666666666667,-36.3333333333333,-0.21,0.156666666666667,-0.473333333333333,-0.11,-0.53494929,-0.372529246666667,-0.404988955533333,0.157134343233333,1002.49666666667,1011.67666666667,1016.5,1012.52,-0.266666666666667,-0.4,-0.266666666666667,-0.166666666666667,0.65,1.39666666666667,0.903333333333333,0.466666666666667,1109.682437,1265.046595,13.03333333,-6.866666667,11.14032967,82.6732967,13.02269231,259.0868132
1982,0.0485007154530492,-0.200775875305307,-0.478130389904154,-0.27847945690155,-0.186168114344279,-0.701028188069661,-0.637275616327922,-0.154750903447469,94.0473537604457,-46.7907608695652,-47.9646739130435,65.4697802197802,193633.333333333,320097.826086957,274839.130434783,NA,NA,-69.6666666666667,24,49.3333333333333,-26.6666666666667,-0.336666666666667,-0.216666666666667,1.53,2.00666666666667,-0.184069173333333,-0.894959713333333,-0.638386033333333,-0.777458466666667,1009.81,1016.46,1015.92333333333,1013.05333333333,0,0.466666666666667,0.866666666666667,1.93333333333333,0.403333333333333,-0.193333333333333,0.0633333333333333,0.32,3242.21147,1604.519713,12.43333333,-3.866666667,10.8810989,122.4379121,12.41759341,338.8703297
1983,0.0145771380128532,0.324881224865201,0.109153090948346,0.127248558504828,0.455425024032593,0.880825519561768,0.700050115585327,0.259047269821167,47.1708683473389,-51.7814207650273,-71.6804407713499,-14.4490358126722,194233.333333333,314239.130434783,223402.173913043,NA,NA,-172,-19,24,-47.3333333333333,2.59666666666667,2.78666666666667,0.886666666666667,-0.423333333333333,0.281384766666667,-0.344720186666667,-0.0451776336666667,-0.11195819,1001.59333333333,1011.71666666667,1016.15666666667,1011.96333333333,2.1,1.3,0.3,-0.766666666666667,0.653333333333333,1.92666666666667,2.57333333333333,0.963333333333333,2480.530466,1748.143369,12.33333333,-6.733333333,11.2643956,106.6341758,13.60197802,297.5428571
1984,0.432952148338844,0.309368761243491,0.151044351205058,0.0422866284162149,0.26307225227356,0.0485913753509521,-0.795330047607422,-0.429879188537598,83.1448863636364,-84.6593406593407,-86,34.1367521367521,200901.098901099,281086.956521739,234728.260869565,NA,NA,-70.6666666666667,-14.3333333333333,65,-52,-0.483333333333333,-0.163333333333333,-0.393333333333333,-0.28,-0.16404819,0.953559626666667,0.507168573333333,0.876282406666667,1007.12333333333,1012.03666666667,1016.37,1010.71666666667,-0.633333333333333,-0.4,-0.3,-0.566666666666667,1.46666666666667,1.53,-0.01,0.653333333333333,2853.265233,1662.483871,12.56666667,-9.366666667,10.71879121,143.3996703,12.38463736,323.3
1985,0.0289481346634613,-0.345293803598689,-0.218204900588112,-0.158792608633809,-0.0676796436309814,-0.432494004567464,-0.539702177047729,-1.06189918518066,72.8796561604585,-57.2513661202186,-45.4016393442623,72.6043956043956,190355.555555556,210619.565217391,133732.608695652,NA,NA,-26.3333333333333,5,60.3333333333333,0,-0.38,-0.86,-0.32,-0.16,0.170517743,0.23567779,-0.0329928013333333,-1.30448022333333,1008.33333333333,1016.74333333333,1017.03666666667,1014.68333333333,-0.966666666666667,-0.8,-0.533333333333333,-0.333333333333333,1.01,0.253333333333333,0.686666666666667,-0.00666666666666667,1255.916129,1321.070968,11.9,-3.3,11.68593407,88.7756044,13.4371978,221.0087912
1986,0.246118316842222,0.386612215946461,0.053768348145759,0.470028803266328,-0.6863694190979,-0.0607571601867676,-0.465510686238607,-0.4750816822052,136.810584958217,-82.7527173913043,-15.1413043478261,-0.65564738292011,167600,276945.652173913,180168.47826087,NA,NA,-159.333333333333,-7.33333333333333,58.3333333333333,-4.33333333333333,-0.333333333333333,-0.363333333333333,0.576666666666667,0.843333333333333,-1.29948936666667,-0.64380841,-0.87517878,-0.52108112,1001.25,1013.69,1015.68333333333,1012.63,-0.466666666666667,-0.2,0.2,0.9,1.03666666666667,1.63,0.83,0.996666666666667,1791.756272,1490.293907,11.26666667,-5.5,11.76340659,105.631978,13.31784615,263.3428571
1987,0.45855084274007,0.283634292394265,-0.276376541181542,0.149015307700497,0.578121105829875,0.430478731791178,-0.733765999476115,-0.172696272532145,105.83008356546,-70.5869565217391,-38.0788043478261,-25.1577464788732,155311.111111111,175217.391304348,123996.739130435,NA,NA,-110.333333333333,-5.33333333333333,59,-23,1.04,1.68,1.80666666666667,1.07,0.332657383333333,0.343507176666667,0.386701816666667,0.270996813333333,1003.22333333333,1012.35,1015.50333333333,1012.53333333333,1.2,1,1.46666666666667,1.46666666666667,1.8,2.03666666666667,1.85666666666667,1.75666666666667,826.5863799,1081.860215,11.93333333,-6.566666667,13.07406593,46.55,14.00446154,180.0351648
1988,0.0132102283938178,-0.0596399004431977,-0.220489463312873,-0.235127068114007,0.318384806315104,-0.062787135442098,-0.559689998626709,-0.741246461868286,54.1813186813187,-91.6630434782609,-88.4726775956284,-23.6741573033708,147081.318681319,153645.652173913,125751.086956522,NA,NA,-67,-5,50.3333333333333,-25,0.55,-0.06,-1.58333333333333,-1.64,0.864785786666667,1.44001996,1.62013856666667,1.34861133333333,1006.35666666667,1012.97333333333,1015.76666666667,1012.50666666667,0.8,-0.366666666666667,-1.23333333333333,-1.5,1.14666666666667,1.18666666666667,0.523333333333333,-0.163333333333333,706.3731183,961.7032258,12.76666667,-6.933333333,12.0078022,57.74395604,13.31790934,170.2934066
1989,-0.339264697042005,0.06084457539964,0.174606448206408,0.12108399840607,-0.461732069651286,-0.0793567895889282,0.326222737630208,0.128131866455078,120.813888888889,-27.4076086956522,-48.383152173913,-9.53168044077135,160308.888888889,211663.043478261,133401.086956522,NA,NA,-17,-10.6666666666667,51,5,-1.21333333333333,-1.11,-0.956666666666667,-0.5,0.90987403,0.765536273333333,0.817697393333333,0.265145736666667,1011.8,1015.63,1017.06666666667,1014.01,-1.63333333333333,-0.833333333333333,-0.333333333333333,-0.2,-0.8,-0.226666666666667,0.426666666666667,-0.19,970.9498208,1065.784229,12.26666667,-5.466666667,11.9567033,86.43021978,13.44176923,222.7483516
1990,0.006107248520029,0.0394251130778214,0.357316227068846,0.252725717391091,0.0512869358062744,-0.165820916493734,0.554911533991496,0.384319067001343,33.5777777777778,-31.3188010899183,-31.1766304347826,-57.3324175824176,160833.333333333,212467.391304348,212725,NA,NA,-31.6666666666667,5.33333333333333,47.6666666666667,-3,0.176666666666667,0.27,0.09,0.09,-0.0613260966666667,0.266075201666667,-0.218046076,-0.339476523333333,1010.10666666667,1013.42333333333,1015.94666666667,1015.74666666667,0.0666666666666667,0.3,0.333333333333333,0.366666666666667,-0.386666666666667,0.03,0.273333333333333,-0.666666666666667,1170.224014,966.9261649,14.06666667,-4.366666667,12.34241758,69.25230769,13.08423077,252.0626374
1991,0.045696271425006,-0.107198019822439,-0.294367105659397,0.125350232507991,-0.519798517227173,-0.197981119155884,-0.721110264460246,-0.0860034624735514,49.2972222222222,-14.7065217391304,-57.4986376021798,-6.58241758241758,206300,252043.47826087,221434.782608696,NA,NA,-41.3333333333333,19.6666666666667,55,7.33333333333333,0.173333333333333,0.256666666666667,0.73,0.96,-0.86051957,-0.357650574666667,-0.48043838,-0.736994306666667,1007.45,1014.41,1015.93666666667,1011.21666666667,0.366666666666667,0.333333333333333,0.633333333333333,0.866666666666667,-1.81333333333333,-0.753333333333333,-0.403333333333333,0.52,1123.694624,1069.136201,13.83333333,-2.566666667,11.35758242,67.05318681,12.06582418,264.9351648
1992,0.0374408823320235,0.490183583073232,0.596018104991694,0.352065734753663,0.460580110549927,1.19313454627991,0.568589369455973,0.0116692384084066,-64.9505494505494,-49.5407608695652,-5.25136612021858,-36.0027472527473,142432.967032967,172493.47826087,138784.782608696,NA,NA,-118,19.6666666666667,69.3333333333333,-11,1.52666666666667,1.79666666666667,0.806666666666667,0.68,-0.05881037,-1.35001079,-1.35351916666667,-1.06543113333333,1004.54,1013.37,1015.64666666667,1012.16666666667,1.6,1.3,0.4,-0.2,0.15,0.986666666666667,1.53333333333333,0.896666666666667,672.1967742,941.2154122,12,-5.833333333,13.23648352,41.15648352,14.88742857,181.0087912
1993,0.0666150848755891,0.44607263865142,0.513727288410581,0.278170569189664,0.0292369524637858,0.574010848999023,0.628300746281942,-0.115669727325439,134.395543175487,-90.4386920980926,-20.8497267759563,12.2857142857143,141117.777777778,202223.913043478,172590.217391304,NA,NA,-46,-34.3333333333333,51.3333333333333,13,0.846666666666667,1.08,1.01,0.763333333333333,-2.2754968,-1.19672488666667,-1.624994,-2.46680016666667,1008.79,1009.92666666667,1015.92,1014.01333333333,0.1,0.633333333333333,0.4,0.1,0.256666666666667,1.36666666666667,2.46,1.40333333333333,1768.264516,1097.9319,10.43333333,-4.333333333,11.37604396,98.33758242,13.056,231.1259341
1994,0.375463275251717,0.360792743406077,0.318088415847428,-0.0277927935808554,0.524196545283,0.55847954750061,0.452647050221761,0.723892052968343,15.8551532033426,-56.6021798365123,-21.5108695652174,1.99175824175824,125124.444444444,163027.173913043,144456.52173913,NA,NA,-63.6666666666667,6.33333333333333,61,-6,0.0366666666666667,-0.06,0.656666666666667,1.17333333333333,-1.9444107,-1.20140714666667,-0.727166983333333,-1.30134286666667,1008.51,1013.31666666667,1017.2,1014.38333333333,0.1,0.3,0.4,0.766666666666667,0.956666666666667,1.02666666666667,-0.09,-1.54666666666667,482.4415771,851.3179211,14.4,-3.666666667,12.62153846,51.49054945,14.6437033,187.743956
1995,-0.280814344238961,0.181005307175647,0.135559121493635,0.26582219189611,0.26251228650411,0.685712258021037,0.84088404973348,0.925425291061401,85.1727019498607,16.5776566757493,-19.0980926430518,-0.324175824175824,151348.888888889,208489.130434783,205978.260869565,NA,NA,-151,11.3333333333333,42,-24.3333333333333,0.706666666666667,0.16,-0.3,-0.726666666666667,-1.02555351,-1.79461756666667,-1.18448166666667,-0.56302038,1004.72666666667,1013.22666666667,1016.21666666667,1011.68666666667,0.933333333333333,0.3,-0.233333333333333,-0.933333333333333,-0.606666666666667,1.01333333333333,1.06333333333333,0.45,2661.81362,1444.677419,12.8,-4.533333333,11.02802198,96.80582418,13.64065934,246.8757143
1996,0.50961041984887,0.664384361108144,0.331541891755729,0.103066505234817,0.734522422154745,0.314073006312052,-0.440062284469604,0.104225556055705,86.5276243093923,4.76775956284153,7.83106267029973,3.86813186813187,281318.681318681,323902.173913043,263173.913043478,NA,18.78,-95.3333333333333,-6.33333333333333,95.6666666666667,4.66666666666667,-0.82,-0.72,-0.753333333333333,-0.29,-0.49204,-0.953215386666667,-0.89747334,-1.02505771333333,1005.32333333333,1012.12333333333,1017.66,1013.74333333333,-0.9,-0.433333333333333,-0.3,-0.4,0.5,1.55,0.576666666666667,-9.25411729306898e-18,2113.553047,1386.494624,12.86666667,-5.2,10.6478022,126.9906593,12.48956044,355.5536264
1997,0.193926425226803,0.51639201401294,1.24118638531915,0.756686256123685,0.234450181325277,0.500360171000163,1.06974991162618,1.44785133997599,219.003412969283,-53.5820895522388,-25.4944444444444,105.00835654596101,245544.444444444,356086.956521739,314271.739130435,10.2969230769231,17.8223684210526,-49.6666666666667,-14.3333333333333,24,-38,-0.61,0.186666666666667,2.18666666666667,2.08,-1.3694127,-0.667120213333333,-0.832194043333333,-0.300568756666667,1005.36,1013.08333333333,1015.58666666667,1011.91666666667,-0.466666666666667,0.333333333333333,1.56666666666667,2.26666666666667,0.16,1.17666666666667,2.63333333333333,1.64,2477.584229,1544.537634,13.16666667,-3.966666667,11.1221978,152.6014286,12.67197802,425.0536264
1998,0.370556194343786,0.270525195269749,0.0369293947329466,-0.26651357837107,1.76963114738464,1.40701103210449,0.282696485519409,0.439283132553101,116.393767705382,-4.73121387283237,20.6502732240437,112.815934065934,182300,232695.652173913,217684.782608696,11.290625,19.8688888888889,-139.333333333333,9.33333333333333,83,-37.3333333333333,2.23,2.36,-0.93,-1.27333333333333,0.896218193333333,0.564137516666667,0.261613696666667,0.286860810666667,1003.09666666667,1013.01,1018.10333333333,1012.44,2.16666666666667,0.966666666666667,-0.666666666666667,-1.4,1.02,1.32666666666667,0.0466666666666667,-1.04,2270.853047,1407.125448,15.16666667,-4.9,11.01505495,109.0508791,13.81572802,273.5340659
1999,-0.396300293796364,-0.89625213666894,-0.913835729949776,-0.779979069479581,0.321203867594401,-0.584376494089762,-0.589438358942668,-0.691026369730631,226.480555555556,18.1320224719101,-75.6876712328767,68.7301136363636,199811.111111111,273565.217391304,265608.695652174,10.1820895522388,18.0173913043478,-148,-1.33333333333333,55,-17.3333333333333,-1.23,-1.21333333333333,-1.17333333333333,-1.27,1.38527183,1.7417763,1.57330333333333,1.26811226666667,1008.74333333333,1014.96,1015.84,1013.36666666667,-1.46666666666667,-1.03333333333333,-1.06666666666667,-1.33333333333333,-0.473333333333333,-0.473333333333333,-0.973333333333333,-1.93666666666667,1856.007885,1305.322581,12.8,-3.833333333,10.73142857,109.9456044,12.73516484,303.3868132
2000,-0.557699114221266,-0.225300095752738,0.0907754070457371,-0.276632072733737,0.289471944173177,0.163524627685547,0.145380814870199,-0.0712950229644775,321.830985915493,-69.3093922651934,-17.9100817438692,49.7423822714681,197175.824175824,240086.956521739,172975,11.1544117647059,19.1065217391304,-70,-2,60,-11,-1.32,-1.08666666666667,-0.6,-0.606666666666667,1.5269583,2.2449434,1.70315946666667,1.69765413333333,1008.32666666667,1012.42333333333,1016.93333333333,1011.79666666667,-1.6,-0.866666666666667,-0.566666666666667,-0.6,-1.48666666666667,0.196666666666667,-0.763333333333333,-1.02333333333333,903.783871,1186.817204,13.43333333,-4.7,11.7078022,79.08868132,13.79725275,254.640946
2001,-0.056419415035467,-0.325571911362396,-0.19639198917082001,-0.34946448994779,0.329857110977173,-0.296547651290894,-0.511201699574788,-0.364364544550578,220.312676056338,-99.5136612021858,-154.6,-19.5574229691877,133266.666666667,124454.347826087,105682.608695652,11.3790322580645,19.4318681318681,-60.6666666666667,15,63.6666666666667,-29.6666666666667,-0.83,-0.66,-0.13,-0.213333333333333,2.66099153333333,2.18220386666667,1.9216048,1.60647726666667,1004.90333333333,1014.38333333333,1016.77,1011.47666666667,-0.633333333333333,-0.333333333333333,-0.1,-0.266666666666667,0.47,-0.0533333333333333,-0.85,-1.33333333333333,636.918638,941.3591398,14.8,-6.033333333,11.85384615,47.14,13.83406593,133.8099086
2002,-0.429384940794145,-0.343471746540618,-0.0174394119745013,0.137312965831537,-0.133841514587402,-0.818067789077759,-0.499313672383626,-0.181422154108683,170.788300835655,-9.03542234332425,-91.8586956521739,25.9745762711864,136413.333333333,193963.043478261,232760.869565217,10.1838709677419,18.504347826087,-92.3333333333333,8.33333333333333,74.6666666666667,-26,-0.0566666666666667,-0.22,0.596666666666667,0.796666666666667,2.0203324,1.29942382,1.26651045,1.10242113666667,1008.24333333333,1015.74666666667,1015.57333333333,1009.77,-0.133333333333333,0.233333333333333,0.8,1.16666666666667,-0.433333333333333,-0.46,-0.02,0.786666666666667,901.7,981.2967742,13.8,-3.166666667,10.93472527,83.14714286,12.32307692,264.5187421
2003,0.459754832859697,0.34075584027959,0.495117412216362,0.401184830720397,1.00407346089681,0.494193394978841,0.535478671391805,0.218516747156779,247.57060518732,-0.15041782729805,-126.111716621253,94.8864265927978,125387.777777778,199923.913043478,173641.304347826,10.7242857142857,19.6766666666667,-143,-24,82.6666666666667,-7.33333333333333,0.76,-0.04,-0.0166666666666667,0.23,1.86609866,1.17056396666667,0.920806753333333,0.680616146666667,1003.44666666667,1013.61,1016.10333333333,1014.26333333333,0.866666666666667,0.0333333333333333,0.0333333333333333,0.333333333333333,1.98,1.19333333333333,0.84,0.453333333333333,930.0731183,886.3143369,15.03333333,-4.133333333,11.23912088,83.04736264,11.76923077,244.1939193
2004,0.0426888246645873,0.399980405486863,0.89061138164038,0.358863334820188,0.36572790145874,0.765099922815959,0.982255299886068,0.0523637135823568,337.818681318681,2.25824175824176,50.7796143250689,-41.5386740331492,139407.692307692,175010.869565217,165600,11,19.9054347826087,-153,4,39,6.33333333333333,0.0733333333333333,-0.37,0.276666666666667,0.463333333333333,0.38554044,0.23851165,0.624475453333333,-0.00749026600000001,1003.56333333333,1013.59,1015.12666666667,1013.19333333333,0.366666666666667,0.2,0.466666666666667,0.7,0.413333333333333,0.686666666666667,0.443333333333333,0.00333333333333333,1064.179928,963.1333333,13.4,-3.5,12.09626374,71.4921978,12.59340659,222.1794738
2005,0.153145954800748,0.640142127700236,0.753938463364524,0.014943702741601,0.246645291646322,0.824043273925781,0.40511687596639,-0.0289618174235026,-25.2541899441341,-59.6986301369863,13.6413043478261,-90.3681318681319,149744.444444444,170486.956521739,168739.130434783,10.9826086956522,19.5217391304348,-29,-7,63,6,0.4,0.376666666666667,0.0566666666666667,-0.503333333333333,-1.37952591666667,-1.32059538,-1.35912626666667,-1.37410492666667,1007.10333333333,1011.42,1015.51,1014.30666666667,0.633333333333333,0.366666666666667,-0.0333333333333333,-0.333333333333333,0.36,1.41666666666667,0.693333333333333,-1.09333333333333,938.4713262,939.7057348,13.56666667,-5.133333333,12.02307692,64.15340659,13.42561813,194.7404281
2006,0.160634203203793,-0.170944647131295,0.114869409868087,-0.0783661151754445,0.623570203781128,-0.186265150705973,-0.158329804738363,-0.428119579950968,-109.566666666667,-51.7547683923706,41.0353260869565,22.1923076923077,164322.222222222,269902.173913043,209097.826086957,9.58125,19.4032608695652,-80.6666666666667,-12.6666666666667,92.3333333333333,-14,-0.636666666666667,-0.626666666666667,0.146666666666667,0.736666666666667,-0.989325773333333,-0.465919593333333,-0.331047366666667,-0.794859043333333,1007.29333333333,1015.59666666667,1016.98333333333,1014.56,-0.766666666666667,-0.266666666666667,0.133333333333333,0.7,0.63,0.31,0.246666666666667,-0.403333333333333,1296.483513,1309.526882,14.23333333,-3.7,11.51010989,116.7127473,13.14065934,322.9189627
2007,-0.356325072666694,-0.493707750035428,0.064572051475788,-0.359404956883398,0.00879073143005371,-0.332984765370687,0.335458437601725,-0.254002094268799,-226.647222222222,-148.502717391304,-47.2288828337875,-110.964187327824,152325.555555556,230391.304347826,175402.173913043,9.29239130434783,19.3554347826087,-39.3333333333333,15,19.6666666666667,5,0.533333333333333,-0.34,-0.853333333333333,-1.12333333333333,-0.23496423,0.134285766666667,1.30054706666667,0.968768876666667,1007.21333333333,1012.70666666667,1015.66666666667,1011.61333333333,0.633333333333333,-0.166666666666667,-0.566666666666667,-1.33333333333333,0.0633333333333333,-0.1,0.456666666666667,-0.963333333333333,778.1860215,1176.562724,14.66666667,-5.833333333,12.34318681,56.78351648,13.17802198,241.542346
2008,-0.623958031816044,-0.781107376978315,-0.487957437011017,-0.556527411526647,-0.712082743644714,-1.10495281219482,-1.48280787467957,-0.728066841761271,-3.81792717086835,-31.3559782608696,-10.1684782608696,-112.209366391185,136938.461538462,204815.217391304,231228.260869565,8.69782608695652,18.2108695652174,-32.3333333333333,11.3333333333333,38,-2.33333333333333,-1.19,-1.21666666666667,-0.936666666666667,-1.08,0.716212183333333,1.50264143333333,1.61659216666667,1.9874529,1008.58,1015.17,1016.11333333333,1013.40333333333,-1.53333333333333,-0.966666666666667,-0.4,-0.433333333333333,-0.783333333333333,-1.2,-1.57,-1.52,1528.883513,1169.483871,13.8,-5.2,10.66692308,102.7906593,11.5956044,281.5911232
2009,-0.585674311443307,-0.669568085738982,0.142139099384176,-0.199538592086441,-0.867949287096659,-1.05798745155334,-0.587281068166097,-0.153550863265991,37.8607954545455,26.3070652173913,57.4538043478261,-27.7087912087912,149133.333333333,214923.913043478,189566.304347826,8.47934782608696,19.5141304347826,-13.6666666666667,11,47,-39.6666666666667,-0.97,-0.823333333333333,0.316666666666667,0.666666666666667,0.693034826666667,0.433582186666667,0.549215386666667,1.06448077666667,1013.04,1016.43666666667,1015.05666666667,1012.17333333333,-0.733333333333333,-0.2,0.466666666666667,1,-1.27333333333333,-1.37333333333333,-0.25,0.13,1663.318638,1253.365591,14.5,-2.7,NA,NA,12.67802198,263.7758975
2010,0.0169735035677066,-0.178637137837794,-0.557738720137497,-0.376077121975778,0.290211995442708,0.384647210439046,-0.764753182729085,-0.0987012386322021,132.819444444444,-126.705722070845,92.5597826086957,-71.75,124528.888888889,150490.217391304,216179.347826087,9.66521739130435,18.5152173913043,-137.666666666667,-6.66666666666667,66,-15.3333333333333,1.05666666666667,0.543333333333333,-2.05333333333333,-2.16666666666667,1.65565276666667,1.56630476666667,1.15391196666667,1.19921676333333,1003.13,1014.10666666667,1017.64666666667,1012.71333333333,1.46666666666667,0.4,-1,-1.66666666666667,0.576666666666667,0.613333333333333,-0.846666666666667,-1.16333333333333,1771.308244,1294.16129,12.83333333,-5.266666667,NA,NA,12.43846154,221.9325181
2011,-0.230900381077295,-0.245764277241696,-0.53660364973134,-0.520385226984134,-0.00480143229166667,-0.501899003982544,0.0569864908854167,0.144320408503215,-6.93314763231198,-72.929347826087,1.57336956521739,-132.019230769231,185825.555555556,308739.130434783,336978.260869565,8.18913043478261,17.4163043478261,-67,-50,49,-12.6666666666667,-1.79,-1.60666666666667,-0.94,-1.24666666666667,0.550170873333333,1.06441578,1.06153573333333,0.968934943333333,1010.83,1013.1,1015.68666666667,1013.20333333333,-1.36666666666667,-0.633333333333333,-0.533333333333333,-1.03333333333333,-0.986666666666667,-0.493333333333333,-1.43,-1.82,2839.562724,1363.268817,13.96666667,-4.4,NA,NA,11.31098901,387.1441123
2012,-0.497541042442979,-0.579058132980062,-0.813698415646608,-0.574507913370242,-0.343853791554769,-0.399840275446574,-0.1974991162618,-0.291045904159546,-191.989010989011,-80.0217391304348,-3.87228260869565,-5.91758241758242,144868.131868132,300380.434782609,293739.130434783,8.80434782608696,17.9141304347826,-34.6666666666667,-22,54,-11.6666666666667,-0.996666666666667,-0.456666666666667,-0.0133333333333333,-0.203333333333333,0.60911619,1.556779,1.84314586666667,1.54222606666667,1007.75,1015.21,1016.67,1013.48666666667,-0.8,-0.366666666666667,0.233333333333333,0.166666666666667,-1.34,-0.86,-1.44,-1.19666666666667,1487.191756,1419.222222,14.76666667,-5.2,NA,NA,12.01538462,349.4033967
2013,-0.415322958258377,-0.210634505337682,0.408843697624645,0.182210970473015,0.0142993132273356,-0.341259717941284,0.302862405776978,0.634090105692546,-68.7805555555556,-32.0625,-8.31521739130435,31.2225274725275,171866.666666667,221108.695652174,203380.434782609,9.57391304347826,19.5869565217391,-30,6.33333333333333,72.3333333333333,0.666666666666667,-0.0633333333333333,-0.406666666666667,-0.843333333333333,-0.24,1.21131163333333,0.656481736666667,0.57937884,-0.187568636666667,1008.45333333333,1015.29333333333,1015.98,1013.70333333333,-0.3,-0.233333333333333,-0.366666666666667,-0.233333333333333,-0.346666666666667,-0.236666666666667,-1.02333333333333,-0.486666666666667,902.4526882,1272.5982080000001,15.16666667,-3.566666667,NA,NA,13.25824176,260.084058
2014,0.393420674746064,0.80852515430286,1.24696617400509,1.34141088792647,-0.749026417732239,0.328831752141317,0.214984814325968,1.22571913401286,21.0777777777778,-47.9266304347826,7.55342465753425,-26.5564738292011,128852.222222222,264576.086956522,214076.086956522,9.34065934065934,19.4554347826087,-25,-9,80.3333333333333,-28.3333333333333,-0.43,-0.14,0.156666666666667,0.0866666666666667,-0.703257916666667,-0.281196853333333,-0.365014323333333,-0.0131346966666667,1008,1012.61,1015.84333333333,1010.58,-0.366666666666667,0.0666666666666667,0.1,0.4,0.09,1.3,0.73,1.43,1343.591398,1238.566667,14.5,-1,NA,NA,12.71978022,284.1343832
2015,1.36566235895815,1.32081554251156,1.58903502047747,1.32779742876689,1.80121906598409,1.3749049504598,1.08984438578288,0.983837207158407,-54.5888888888889,-58.1634877384196,36.6839237057221,-28.5540166204986,197633.333333333,188054.347826087,139808.695652174,10.5978260869565,21.1978260869565,-45.6666666666667,28.6666666666667,80,2.66666666666667,0.206666666666667,0.48,1.83333333333333,2.06666666666667,-0.72592212,-1.16414438333333,-1.5501161,-1.88779286666667,1005.71666666667,1014.72333333333,1015.72333333333,1013.82666666667,0.633333333333333,0.8,1.5,2.33333333333333,2.42,1.54666666666667,1.64666666666667,1.42333333333333,978.002509,1151.202509,13.9,-2.6,NA,NA,14.72857143,176.0010417
2016,0.843547552755509,1.11848229861808,1.1969302237719,0.880375869794824,1.12778131167094,1.59650659561157,0.404890775680542,0.817685604095459,-41.2038567493113,-34.8109589041096,-5.16076294277929,-48.6561604584527,148986.813186813,245619.565217391,158043.47826087,10.7760869565217,19.9978260869565,-178,-4.66666666666667,71.6666666666667,-82.3333333333333,1.88333333333333,1.3,-0.143333333333333,-0.483333333333333,0.0210586133333333,-0.202784843333333,-0.662614576666667,0.246645146666667,1002.82333333333,1012.05666666667,1018.85333333333,1011.45,2.43333333333333,1.06666666666667,-0.3,-0.7,1.43,2.45666666666667,1.26666666666667,0.963333333333333,1021.5,1529,13,-3.933333333,NA,NA,14.14615385,244.8046196
2017,0.388245459260612,0.503101595037285,0.679828844399288,0.514469772097708,0.659677902857463,0.284090042114258,0.206010341644287,0.442110776901245,142.454038997214,-61.6494565217391,-53.7445652173913,-1.66386554621849,180400,387184.782608696,225163.043478261,8.91,19.6565217391304,-45,-21.6666666666667,74.3333333333333,-34.3333333333333,-0.386666666666667,-0.206666666666667,-0.586666666666667,-0.686666666666667,-0.82594484,-0.488189323333333,-0.42353941,-1.3312714,1010.34,1012.39,1015.70333333333,1015.21666666667,-0.333333333333333,0.266666666666667,0.166666666666667,-0.666666666666667,0.88,0.913333333333333,0.326666666666667,0.173333333333333,2639.333333,1751.333333,15.03333333,-3.933333333,NA,NA,12.2021978,390.1698128
2018,0.638821300829964,0.624181168928914,0.687433810069643,1.05159245797958,0.627615610758464,0.406499306360881,0.772473653157552,0.637579441070557,21.1648044692737,-29.9728260869565,-3.44262295081967,-33.0824175824176,193144.444444444,212000,NA,3.83333333333333,NA,-55.3333333333333,14.3333333333333,64.3333333333333,-3,-0.733333333333333,-0.996666666666667,-0.106666666666667,0.396666666666667,-2.134316,-2.00776223333333,-1.69527006666667,-2.3052369,1010.41666666667,1015.28666666667,1017.35666666667,1012.65333333333,-0.9,-0.366666666666667,0.133333333333333,0.666666666666667,0.523333333333333,0.0566666666666667,0.0833333333333333,0.09,1333.4,1262,14.06666667,NA,NA,NA,12.72637363,NA
2019,0.910496988789789,NA,NA,NA,0.89228367805481,NA,NA,NA,NA,28.4673913043478,NA,NA,NA,NA,NA,NA,NA,NA,15,NA,NA,0.13,NA,NA,NA,-1.9662518,NA,NA,NA,NA,1010.06,NA,NA,0.8,NA,NA,NA,NA,NA,NA,NA,NA,NA,NA,NA,NA,NA,NA,NA
