Year,Month,Pacea_AO_anomaly,Pacea_MEI_anomaly,Pacea_NPGO_anomaly,Pacea_NPIm_value,Pacea_ONI_value,Pacea_ONI_anomaly,Pacea_PDO_anomaly
1950,1,-0.06,NA,-2.1883951,1014.87,24.72,-1.53,-1.61
1950,2,0.627,NA,-1.4458314,1010.4,25.17,-1.34,-2.17
1950,3,-0.008,NA,-0.96503568,1008.13,25.75,-1.16,-1.89
1950,4,0.555,NA,-0.85878799,1015.49,26.12,-1.18,-1.99
1950,5,0.072,NA,-0.63408219,1015.47,26.32,-1.07,-3.19
1950,6,0.539,NA,-0.58098428,1015.51,26.31,-0.85,-2.52
1950,7,-0.802,NA,-0.74211428,1016.23,26.21,-0.54,-3.65
1950,8,-0.851,NA,-0.54938418,1012.76,25.96,-0.42,-2.98
1950,9,0.358,NA,-0.60154498,1012.62,25.76,-0.39,-2.4
1950,10,-0.379,NA,0.11943427,1010.76,25.63,-0.44,-1.92
1950,11,-0.515,NA,-0.25707438,1016.37,25.48,-0.6,-1.45
1950,12,-1.928,NA,-0.49336649,1007.97,25.34,-0.8,-1.06
1951,1,-0.085,NA,-0.47853012,1008.32,25.42,-0.82,-1.19
1951,2,-0.4,NA,-0.41382623,1011.16,25.96,-0.54,-1.52
1951,3,-1.934,NA,-0.56954018,1015.69,26.74,-0.17,-1.72
1951,4,-0.776,NA,-0.56114016,1011.91,27.48,0.18,-1.35
1951,5,-0.863,NA,-1.0714146,1012.74,27.75,0.36,-1.29
1951,6,-0.918,NA,-1.4352384,1014.2,27.75,0.58,-1.77
1951,7,0.09,NA,-1.1039251,1017.91,27.44,0.7,-0.23
1951,8,-0.377,NA,-1.1748547,1016.23,27.28,0.89,-1.76
1951,9,-0.818,NA,-1.4195152,1012.42,27.14,0.99,-0.78
1951,10,-0.213,NA,-1.0693902,1011.47,27.22,1.15,-0.09
1951,11,-0.069,NA,-1.0120413,1009.47,27.12,1.04,-0.31
1951,12,1.987,NA,-1.2247459,1013.85,26.95,0.81,-1.45
1952,1,0.368,NA,-1.3350548,1010.38,26.78,0.53,-2.19
1952,2,-1.747,NA,-1.0909977,1007.72,26.87,0.37,-1.35
1952,3,-1.859,NA,-0.66951595,1014.06,27.25,0.34,-1.67
1952,4,0.539,NA,-0.43371917,1013.69,27.6,0.29,-1.92
1952,5,-0.774,NA,-0.62650865,1015.81,27.59,0.2,-2.07
1952,6,-0.441,NA,-0.97265631,1014.48,27.17,0,-2.13
1952,7,0.383,NA,-1.3356465,1018.43,26.67,-0.08,-2.05
1952,8,-0.03,NA,-0.89742819,1016.99,26.39,0,-1.58
1952,9,-0.383,NA,-0.58261822,1014.38,26.3,0.15,-1.36
1952,10,-0.437,NA,-0.25781197,1012.42,26.17,0.1,-0.91
1952,11,-1.891,NA,-0.31621332,1008.9,26.13,0.04,-0.53
1952,12,-1.827,NA,0.84508038,1003.78,26.29,0.15,-0.83
1953,1,-1.036,NA,0.94395233,1002.53,26.65,0.4,-0.16
1953,2,-0.249,NA,0.74797162,1008.16,27.1,0.6,-0.46
1953,3,1.068,NA,1.2173325,1014.61,27.53,0.63,-1.27
1953,4,-1.256,NA,1.2502004,1010.4,27.96,0.66,-0.9
1953,5,-0.562,NA,1.2707073,1013.4,28.14,0.75,-0.55
1953,6,0.023,NA,1.056728,1017.13,27.94,0.77,-0.2
1953,7,0.333,NA,1.0407542,1018.2,27.49,0.75,0.06
1953,8,0.085,NA,0.6189014,1016.7,27.12,0.73,-0.92
1953,9,0.662,NA,0.29073101,1015.67,26.93,0.78,-1.11
1953,10,-0.194,NA,1.0815173,1010.53,26.91,0.84,-1.48
1953,11,0.354,NA,2.0496203,1005.94,26.92,0.84,-0.51
1953,12,0.575,NA,1.418955,1008.12,26.95,0.81,-0.18
1954,1,-0.148,NA,1.0939573,1010.84,27,0.76,-1.13
1954,2,-0.181,NA,1.156514,1007.36,26.97,0.47,-0.95
1954,3,0.476,NA,0.07937343,1016.82,26.86,-0.05,-1.15
1954,4,0.512,NA,-0.37253308,1017.54,26.89,-0.41,-1.25
1954,5,-1.656,NA,-0.16404023,1013.66,26.85,-0.54,-0.76
1954,6,-0.268,NA,0.17838068,1013.36,26.67,-0.5,0.49
1954,7,0.341,NA,-0.035203404,1018.15,26.1,-0.64,-0.08
1954,8,-0.122,NA,-0.13153747,1016.84,25.54,-0.84,-0.32
1954,9,0.301,NA,-0.26280328,1015.01,25.25,-0.9,-1.05
1954,10,0.513,NA,0.18381241,1010.67,25.3,-0.77,0.02
1954,11,-0.328,NA,0.35474005,1005.62,25.35,-0.73,0.85
1954,12,0.553,NA,0.40412547,1011.77,25.48,-0.66,0.49
1955,1,-1.163,NA,0.32620733,1007.1,25.57,-0.68,-0.23
1955,2,-1.542,NA,-0.24927549,1015.4,25.89,-0.62,-1.01
1955,3,-1.568,NA,-0.2159785,1016.18,26.22,-0.69,-1.24
1955,4,0.194,NA,0.0407132,1016.59,26.5,-0.8,-2.21
1955,5,0.242,NA,0.26141044,1014.88,26.6,-0.79,-1.89
1955,6,-0.266,NA,-0.015894133,1015.61,26.45,-0.72,-2.18
1955,7,0.332,NA,-0.088022544,1016.98,26.06,-0.68,-2.75
1955,8,0.76,NA,0.2745267,1018.18,25.64,-0.75,-2.66
1955,9,0.357,NA,-0.11022702,1016.16,25.06,-1.09,-2.48
1955,10,0.099,NA,-0.52419361,1013.07,24.65,-1.42,-3.35
1955,11,-1.342,NA,-0.080028769,1013.02,24.41,-1.67,-2.63
1955,12,-0.444,NA,-0.5180143,1011.47,24.72,-1.47,-2.2
1956,1,-1.204,NA,0.1202669,1010.2,25.23,-1.11,-2.26
1956,2,-2.029,NA,-0.13795981,1012.86,25.86,-0.76,-2.28
1956,3,0.47,NA,0.022979146,1013.95,26.37,-0.63,-2.93
1956,4,-0.868,NA,-0.038234934,1014.2,26.82,-0.54,-2.55
1956,5,1.391,NA,0.14195733,1013.64,26.93,-0.52,-1.62
1956,6,0.28,NA,0.47106723,1015.27,26.72,-0.51,-1.98
1956,7,-0.215,NA,0.4639145,1018.8,26.23,-0.57,-1.48
1956,8,-0.652,NA,0.53975909,1015.04,25.87,-0.55,-1
1956,9,-0.202,NA,0.30064613,1013.9,25.71,-0.46,-0.28
1956,10,1.139,NA,-0.051508982,1016.21,25.67,-0.42,-1.66
1956,11,-0.066,NA,-0.22625107,1010.96,25.67,-0.43,-2.44
1956,12,0.001,NA,-0.76721175,1007.56,25.77,-0.43,-1.27
1957,1,2.062,NA,-1.2715967,1013.8,26.09,-0.25,-1.31
1957,2,-1.513,NA,-1.9587271,1011.3,26.68,0.06,-1.57
1957,3,-2.013,NA,-1.3393664,1007.93,27.41,0.41,-0.83
1957,4,0.238,NA,-1.2553542,1014.95,28.08,0.72,-0.81
1957,5,-0.966,NA,-1.0382093,1011.94,28.37,0.92,-0.02
1957,6,-0.76,NA,-1.1681711,1012.76,28.34,1.11,1.53
1957,7,-0.646,NA,-0.75587754,1018.57,28.06,1.25,0.59
1957,8,0.097,NA,-0.90544124,1016.29,27.75,1.32,0.34
1957,9,-0.956,NA,-0.9222347,1011.65,27.5,1.33,1.84
1957,10,0.903,NA,-1.0286289,1010.73,27.48,1.39,1.72
1957,11,-1.38,NA,-1.407435,1008.59,27.64,1.53,1.54
1957,12,0.828,NA,-0.71664127,1012.35,27.94,1.74,0.46
1958,1,-1.438,NA,0.11660279,1001.04,28.15,1.81,0.83
1958,2,-2.228,NA,0.14663043,1002.69,28.27,1.66,0.94
1958,3,-2.522,NA,-1.1516998,1014.45,28.26,1.27,0.62
1958,4,-0.36,NA,-0.71935478,1012.54,28.28,0.93,0.56
1958,5,-0.336,NA,-0.85098363,1013.81,28.19,0.74,1.46
1958,6,-1.149,NA,-0.72342443,1014.54,27.87,0.64,1.82
1958,7,-0.684,NA,-0.86964646,1016.45,27.38,0.57,0.61
1958,8,-0.755,NA,-0.6288164,1016.55,26.85,0.43,1.06
1958,9,-0.012,NA,-0.20443409,1014.04,26.56,0.39,0.77
1958,10,0.77,NA,-0.50880797,1014.63,26.53,0.44,0.28
1958,11,-0.011,NA,-0.77451839,1011.24,26.6,0.5,0.28
1958,12,-1.687,NA,-0.40523129,1005.69,26.81,0.61,1.14
1959,1,-2.013,NA,0.12278854,1008.4,26.95,0.61,1.04
1959,2,2.544,NA,-0.59064476,1013.36,27.24,0.62,0.35
1959,3,1.432,NA,-0.39206877,1012.83,27.51,0.52,-0.14
1959,4,0.119,NA,-0.45130383,1016.05,27.68,0.33,-0.16
1959,5,-0.341,NA,-0.43784908,1014.96,27.65,0.2,-0.13
1959,6,-0.033,NA,-0.37320207,1014.75,27.16,-0.07,0.23
1959,7,0.105,NA,-0.39649446,1018.35,26.63,-0.18,-0.42
1959,8,-0.745,NA,-0.50436494,1017.1,26.15,-0.28,-0.31
1959,9,-0.281,NA,0.072659201,1012.19,26.08,-0.09,-0.53
1959,10,-0.249,NA,0.13413238,1010.36,26.07,-0.03,0.96
1959,11,-1.411,NA,-0.04796909,1009.2,26.15,0.05,1.38
1959,12,-0.042,NA,0.42278478,1010.16,26.16,-0.04,1.02
1960,1,-2.484,NA,1.0163805,1005.94,26.24,-0.1,0.24
1960,2,-2.212,NA,0.81857807,1007.61,26.51,-0.1,0.61
1960,3,-1.625,NA,0.86326859,1013.4,26.92,-0.07,0.23
1960,4,-0.297,NA,0.79348216,1014.8,27.39,0.03,0.21
1960,5,-0.857,NA,0.91892054,1014.86,27.47,0.02,0.35
1960,6,0.055,NA,0.31314454,1016.56,27.26,0.03,1.2
1960,7,-0.619,NA,0.70915221,1017.04,26.93,0.13,-0.42
1960,8,-1.008,NA,0.43794466,1016.99,26.66,0.24,-0.31
1960,9,-0.382,NA,0.52397594,1016.06,26.44,0.27,-0.96
1960,10,-1.187,NA,0.48853548,1011.9,26.3,0.2,-0.34
1960,11,-0.553,NA,0.95336825,1012.13,26.23,0.12,-0.34
1960,12,-0.343,NA,1.1361285,1005.51,26.23,0.05,0
1961,1,-1.506,NA,1.1032184,999.58,26.34,0.04,0.89
1961,2,0.621,NA,1.3593808,1006.77,26.58,0.03,0.92
1961,3,0.341,NA,1.7493986,1010.35,26.96,0.04,0.64
1961,4,-0.237,NA,0.95715692,1018.12,27.35,0.09,0.28
1961,5,0.157,NA,1.4002097,1014.96,27.59,0.23,-0.54
1961,6,0.837,NA,1.2018429,1016.41,27.42,0.27,-0.7
1961,7,-0.108,NA,1.0626986,1018.28,26.9,0.14,-1.23
1961,8,0.013,NA,1.0746483,1015.77,26.27,-0.13,-0.87
1961,9,0.815,NA,0.77296683,1015.82,25.89,-0.3,-1.34
1961,10,0.203,NA,0.34873726,1015.66,25.85,-0.26,-1.78
1961,11,-0.01,NA,0.22058507,1012.5,25.91,-0.19,-1.43
1961,12,-1.668,NA,0.39737078,1009.84,26,-0.16,-1.73
1962,1,1.645,NA,0.17476225,1010.11,26.05,-0.24,-1
1962,2,-0.358,NA,-0.14977739,1007.67,26.32,-0.22,-0.87
1962,3,-2.848,NA,-0.60767641,1013.3,26.71,-0.2,-1.06
1962,4,1.169,NA,-0.47141795,1018.47,27,-0.26,-0.95
1962,5,0.068,NA,-0.73901362,1018.18,27.09,-0.28,-1.3
1962,6,0.287,NA,-0.30441143,1016.76,26.96,-0.2,-1.71
1962,7,-0.927,NA,-0.062123467,1018.25,26.72,-0.04,-1.83
1962,8,0.152,NA,-0.37063506,1017.08,26.34,-0.07,-0.66
1962,9,-0.056,NA,0.33421582,1015.64,26.07,-0.11,-1.47
1962,10,-0.016,NA,0.16424001,1010.95,25.88,-0.22,-1.76
1962,11,-1.112,NA,0.44560527,1008.45,25.79,-0.31,-0.38
1962,12,-0.711,NA,0.46514247,1006.72,25.73,-0.43,-0.23
1963,1,-3.311,NA,-0.81285016,1002.47,25.89,-0.4,0.12
1963,2,-1.721,NA,-0.27996258,1002.31,26.39,-0.15,0.15
1963,3,0.724,NA,-1.0965502,1017.38,27.07,0.15,-0.28
1963,4,-0.348,NA,-0.81056845,1017.52,27.53,0.27,-0.27
1963,5,0.771,NA,-0.42822716,1015.84,27.68,0.31,-1.26
1963,6,-0.585,NA,-0.71623806,1016.34,27.67,0.52,-0.6
1963,7,-0.303,NA,-0.36669314,1018.47,27.62,0.86,-1.11
1963,8,-0.625,NA,-0.1346054,1016.3,27.54,1.14,-1.01
1963,9,0.083,NA,0.11978808,1010.69,27.4,1.22,1.08
1963,10,1.069,NA,0.50714133,1012.35,27.4,1.29,0.34
1963,11,-0.419,NA,0.66107473,1011.29,27.47,1.37,-0.5
1963,12,-1.178,NA,0.54103299,1003.24,27.47,1.31,0.45
1964,1,0.385,NA,1.0728952,1006.28,27.36,1.07,0.34
1964,2,-0.575,NA,0.29248032,1010.02,27.16,0.62,0.21
1964,3,-0.558,NA,0.35166979,1014.55,27.03,0.12,-0.71
1964,4,0.663,NA,0.25015275,1019.47,26.93,-0.33,-1.27
1964,5,1.174,NA,0.27190132,1020.82,26.78,-0.58,-2.39
1964,6,0.142,NA,0.88409534,1013.77,26.57,-0.58,-0.86
1964,7,0.734,NA,1.6039742,1016.53,26.16,-0.6,-1.08
1964,8,-1.207,NA,0.78188421,1016.02,25.74,-0.66,-1.6
1964,9,-0.227,NA,0.91256373,1015.03,25.42,-0.76,-1.35
1964,10,0.342,NA,0.71267229,1014.25,25.31,-0.8,-0.64
1964,11,-0.344,NA,0.074383372,1012.16,25.28,-0.82,-0.68
1964,12,-0.246,NA,-0.67944342,1010.71,25.38,-0.78,-0.62
1965,1,-1.046,NA,-0.60927069,1005.68,25.69,-0.59,-0.95
1965,2,-2.084,NA,-0.8375497,1010,26.27,-0.28,-0.61
1965,3,-0.905,NA,-0.9425717,1010.87,26.85,-0.07,-0.17
1965,4,0.568,NA,-0.87943354,1015.95,27.44,0.18,-0.01
1965,5,-0.153,NA,-1.1591951,1016.29,27.82,0.46,-0.66
1965,6,0.038,NA,-0.83030121,1014.16,27.99,0.83,-0.76
1965,7,-0.51,NA,-0.69218264,1017.4,27.98,1.22,-0.74
1965,8,-0.255,NA,-0.44396173,1015.65,27.95,1.54,0.32
1965,9,-0.698,NA,-0.85712342,1014.99,28.04,1.85,0.83
1965,10,0.394,NA,-0.68304581,1011.97,28.09,1.98,0.3
1965,11,-1.341,NA,-0.91841417,1013.94,28.07,1.97,0.47
1965,12,0.163,NA,-1.1935027,1013.28,27.91,1.72,0.25
1966,1,-3.232,NA,-0.32304436,1004.24,27.72,1.37,-0.67
1966,2,-1.438,NA,-1.114448,1012.75,27.81,1.17,-0.43
1966,3,-0.911,NA,-0.59910173,1012.16,27.98,0.98,-1
1966,4,-1.837,NA,-1.3692633,1015.58,27.97,0.66,-0.37
1966,5,1.124,NA,-1.678718,1016.23,27.78,0.35,-0.76
1966,6,0.408,NA,-1.2637274,1014.01,27.5,0.24,0.1
1966,7,0.011,NA,-1.1138805,1017.62,27.14,0.24,0.01
1966,8,-0.945,NA,-0.97791948,1016.28,26.69,0.12,-0.29
1966,9,0.011,NA,-0.75325036,1010.33,26.32,-0.05,-0.35
1966,10,-1.077,NA,-0.79952865,1014.31,26.24,-0.1,-0.6
1966,11,0.111,NA,-0.93839698,1015.43,26.16,-0.18,-0.71
1966,12,-1.401,NA,-0.54499555,1006.73,26.04,-0.3,-0.21
1967,1,-0.576,NA,-0.73605125,1008.04,26.01,-0.41,-0.24
1967,2,1.18,NA,-0.61006085,1008.75,26.17,-0.48,-0.25
1967,3,1.967,NA,-1.1191961,1015.84,26.46,-0.53,-0.8
1967,4,1.7,NA,-0.89138072,1020.99,26.87,-0.45,-1.13
1967,5,0.127,NA,-0.99509831,1018.42,27.19,-0.24,-1.54
1967,6,0.647,NA,-1.252485,1014.38,27.26,-0,-1.2
1967,7,0.259,NA,-1.1731513,1019.02,26.95,0.05,-1.21
1967,8,-0.293,NA,-0.75379956,1014.02,26.41,-0.16,-1.55
1967,9,0.133,NA,-0.051677917,1010.17,26.08,-0.3,-0.6
1967,10,1.299,NA,0.0071177736,1010.3,25.96,-0.38,-0.06
1967,11,0.334,NA,-0.58751481,1012.61,26,-0.34,0.36
1967,12,-0.347,NA,-0.23339957,1010.04,25.9,-0.44,-0.68
1968,1,-0.409,NA,-0.76610972,1010.08,25.78,-0.64,-0.65
1968,2,-2.154,NA,-0.6258595,1000.05,25.91,-0.74,-0.19
1968,3,1.741,NA,-0.63205407,1012.31,26.38,-0.62,0.08
1968,4,0.328,NA,-1.1582636,1017.29,26.88,-0.44,-0.69
1968,5,-0.241,NA,-1.2594507,1016.17,27.39,-0.04,-0.79
1968,6,0.42,NA,-1.0381912,1016.22,27.54,0.28,0.14
1968,7,-0.836,NA,-1.0214287,1015.89,27.48,0.58,0.44
1968,8,-0.671,NA,-0.95952812,1015.24,27.1,0.53,-0.01
1968,9,-1.009,NA,-0.91457811,1015.92,26.82,0.45,0.26
1968,10,-1.013,NA,-0.73758116,1010.72,26.89,0.55,-0.18
1968,11,-2.183,NA,-0.22530564,1006.37,27.07,0.73,0.03
1968,12,-0.783,NA,-0.86887064,1013.57,27.32,0.98,-0.29
1969,1,-2.967,NA,-2.5593478,1012.41,27.54,1.13,-0.71
1969,2,-3.114,NA,-0.7369928,1008.91,27.73,1.09,-1.22
1969,3,-1.582,NA,-0.7334626,1012.89,27.94,0.95,-1.21
1969,4,0.438,NA,-0.1832465,1012.34,28.09,0.77,-1.07
1969,5,-0.72,NA,-0.090880893,1012.72,28.04,0.61,-1.06
1969,6,-0.348,NA,-0.77551688,1013.23,27.69,0.43,0.84
1969,7,0.41,NA,-0.73089032,1018.99,27.26,0.36,-0.37
1969,8,-0.782,NA,-0.23232563,1016.86,27.08,0.51,-0.92
1969,9,-0.083,NA,0.015210575,1012.16,27.17,0.79,-1.07
1969,10,0.098,NA,0.28993968,1010.56,27.2,0.86,0.95
1969,11,0.326,NA,-0.04127024,1010.41,27.14,0.81,0.58
1969,12,-1.856,NA,1.1272413,1001.77,26.98,0.63,1.13
1970,1,-2.412,NA,-0.19163922,1005.97,26.93,0.51,1.06
1970,2,-1.325,NA,-0.32133677,1002.61,26.98,0.34,1.01
1970,3,-2.084,NA,-0.41263578,1007.91,27.29,0.29,1.2
1970,4,0.302,NA,-0.22177049,1017.11,27.51,0.19,0.31
1970,5,0.531,NA,0.48417772,1016.85,27.47,0.04,-0.89
1970,6,0.875,NA,0.37084586,1014.65,26.96,-0.3,-0.12
1970,7,0.139,NA,0.27240294,1016.1,26.28,-0.63,-0.92
1970,8,-0.263,NA,0.41332336,1016.81,25.81,-0.76,-1.79
1970,9,0.03,NA,0.39857819,1014.34,25.61,-0.77,-1.68
1970,10,0.098,NA,0.22630739,1014.48,25.6,-0.74,-1.2
1970,11,0.378,NA,-0.21421458,1014.31,25.48,-0.86,-0.92
1970,12,-0.399,NA,-0.071520774,1011.85,25.22,-1.15,-0.91
1971,1,-0.163,NA,-0.20162668,1012.4,25.1,-1.36,-1.34
1971,2,-0.922,NA,0.059600681,1007.64,25.32,-1.38,-1.45
1971,3,-1.091,NA,0.45392927,1011.21,25.92,-1.12,-1.55
1971,4,-0.583,NA,0.85376876,1014.75,26.51,-0.85,-1.7
1971,5,0.679,NA,0.49495693,1014.25,26.73,-0.73,-1.75
1971,6,-0.668,NA,0.41262019,1014.46,26.56,-0.74,-1.86
1971,7,-0.578,NA,0.79092532,1016.26,26.15,-0.8,-2.25
1971,8,0.818,NA,0.70605099,1015.26,25.86,-0.77,-0.32
1971,9,0.153,NA,0.52842538,1015.27,25.64,-0.82,-0.17
1971,10,1.185,NA,0.3306484,1015.2,25.58,-0.85,-0.35
1971,11,0.419,NA,0.18247128,1011.73,25.46,-0.96,-1.28
1971,12,0.824,NA,-0.027959273,1014.19,25.52,-0.9,-1.77
1972,1,0.166,NA,-0.5305133,1012.72,25.77,-0.71,-2.12
1972,2,-0.195,NA,-0.40844138,1010.69,26.35,-0.35,-1.95
1972,3,-0.141,NA,-0.69411044,1009.85,27.1,0.06,-1.53
1972,4,1.007,NA,-0.68113067,1019.8,27.77,0.41,-1.7
1972,5,0.14,NA,-0.74738833,1014.76,28.13,0.67,-2.16
1972,6,-0.049,NA,-0.7609987,1015.53,28.21,0.92,-1.84
1972,7,-0.553,NA,-0.32239863,1017.95,28.09,1.13,-1.48
1972,8,-0.082,NA,-0.42736154,1014.64,28,1.37,-0.11
1972,9,-0.92,NA,-0.92539715,1014.78,28.04,1.58,-0.2
1972,10,0.392,NA,-1.0954562,1014.9,28.26,1.84,-0.22
1972,11,-0.38,NA,-0.55620606,1009.7,28.51,2.09,-0.05
1972,12,1.238,NA,-0.76224231,1010.73,28.54,2.12,-0.37
1973,1,1.232,NA,-0.048363215,1008.32,28.32,1.84,-0.15
1973,2,0.786,NA,-0.50339577,1008.21,27.95,1.25,-0.55
1973,3,0.537,NA,-0.072347531,1010.61,27.59,0.54,-0.88
1973,4,-1.126,NA,-0.050589071,1016.76,27.26,-0.1,-1.35
1973,5,0.073,NA,0.25466121,1014.43,26.92,-0.54,-1.59
1973,6,0.531,NA,0.51442802,1015.1,26.42,-0.87,-1.44
1973,7,0.27,NA,0.32357245,1017.62,25.84,-1.11,-1.4
1973,8,0.313,NA,0.16718172,1017.82,25.35,-1.28,-1.56
1973,9,0.114,NA,0.3572996,1014.26,25.01,-1.45,-1.05
1973,10,0.337,NA,0.35027916,1014.8,24.71,-1.71,-1.36
1973,11,0.002,NA,-0.11299269,1014.83,24.47,-1.95,-1.42
1973,12,-0.181,NA,0.33929289,1005.32,24.38,-2.03,-0.89
1974,1,0.232,NA,-1.0033867,1006.61,24.64,-1.84,-0.86
1974,2,-0.489,NA,-0.38642797,1011.16,25.14,-1.55,-1.38
1974,3,-0.746,NA,-0.026205274,1007.38,25.82,-1.23,-1.21
1974,4,0.309,NA,0.014818799,1014.53,26.33,-1.03,-0.62
1974,5,-0.507,NA,-0.16634801,1015.46,26.55,-0.91,-0.72
1974,6,-0.048,NA,0.21918141,1015.98,26.52,-0.77,-0.37
1974,7,0.39,NA,0.37670197,1017.06,26.42,-0.53,0.02
1974,8,-0.533,NA,0.26162988,1014.59,26.26,-0.37,-0.27
1974,9,-0.136,NA,-0.16775789,1014.35,26.06,-0.41,0.71
1974,10,-1.024,NA,0.0074986156,1010.74,25.82,-0.61,0.19
1974,11,-0.435,NA,0.04270522,1010.51,25.67,-0.75,0.61
1974,12,0.556,NA,0.71586735,1006.12,25.78,-0.64,0.27
1975,1,1.595,NA,0.63875186,1010.94,25.94,-0.54,-0.65
1975,2,0.194,NA,0.98490837,1008.16,26.13,-0.57,-0.93
1975,3,0.151,NA,0.7158461,1014.4,26.39,-0.65,-1.07
1975,4,0.409,NA,0.64921899,1018.88,26.63,-0.73,-1.79
1975,5,-0.614,NA,0.71586507,1014.54,26.64,-0.83,-2.08
1975,6,-0.323,NA,0.45778814,1016.58,26.31,-0.98,-1.61
1975,7,0.345,NA,0.51100819,1015.8,25.82,-1.13,-0.84
1975,8,0.13,NA,1.0259992,1017.49,25.43,-1.2,-1.56
1975,9,1.278,NA,0.57322177,1016.45,25.09,-1.37,-1.6
1975,10,0.138,NA,0.95649585,1013.76,25,-1.43,-1.59
1975,11,0.619,NA,1.273857,1012.44,24.87,-1.55,-1.73
1975,12,1.29,NA,1.0790459,1007.02,24.75,-1.65,-1.49
1976,1,0.034,NA,1.0782443,1004.08,24.9,-1.56,-1.08
1976,2,1.656,NA,1.1829994,1013.13,25.5,-1.17,-1.01
1976,3,0.587,NA,1.6799048,1013.8,26.28,-0.73,-1.31
1976,4,0.44,NA,2.4363156,1015.31,26.85,-0.47,-1.38
1976,5,0.06,NA,2.1807639,1014.5,27.15,-0.28,-1.23
1976,6,0.328,NA,2.0671275,1015.76,27.22,-0.05,-1.26
1976,7,-0.325,NA,2.2670345,1015.07,27.15,0.18,0.28
1976,8,0.559,NA,2.4363637,1015.43,27.04,0.35,0.97
1976,9,-0.743,NA,2.4321414,1011.75,27.15,0.62,0.58
1976,10,-0.804,NA,1.6933671,1012.2,27.29,0.81,1.12
1976,11,-0.087,NA,1.5746724,1007.68,27.32,0.86,1.33
1976,12,-2.074,NA,1.3296016,1005.06,27.27,0.85,1.2
1977,1,-3.767,NA,1.3217052,999.02,27.18,0.71,1.24
1977,2,-2.01,NA,1.9341241,1001.18,27.31,0.64,1.51
1977,3,0.344,NA,1.699481,1016.83,27.35,0.34,0.62
1977,4,1.329,NA,1.396454,1016.83,27.55,0.23,-0.25
1977,5,0.104,NA,1.0719304,1015.61,27.64,0.21,-0.47
1977,6,-0.226,NA,0.92382978,1015.16,27.61,0.34,0.03
1977,7,-0.492,NA,1.0368123,1017.82,27.32,0.35,-0.06
1977,8,-1.412,NA,1.2847436,1014.03,27.11,0.42,-0.09
1977,9,0.586,NA,0.76644075,1016.62,27.1,0.57,-0.64
1977,10,-0.009,NA,1.2530538,1011.43,27.21,0.73,-0.84
1977,11,0.605,NA,1.4486669,1012.48,27.27,0.81,-0.45
1977,12,-0.24,NA,0.85400226,1010,27.21,0.79,-0.06
1978,1,-0.347,NA,1.2148573,1000.57,27.15,0.69,0.58
1978,2,-3.014,NA,1.2447465,1000.56,27.09,0.42,0.78
1978,3,0.502,NA,0.61619694,1008.85,27.08,0.06,1.13
1978,4,-0.967,NA,0.45326294,1013.99,27.14,-0.18,1.03
1978,5,0.059,NA,0.5867699,1017.65,27.11,-0.31,0.77
1978,6,0.635,NA,0.38409043,1018.11,26.98,-0.29,0.33
1978,7,-0.604,NA,0.42586012,1017.46,26.61,-0.36,-1.62
1978,8,-0.354,NA,0.86398498,1015.19,26.27,-0.42,-0.91
1978,9,-0.099,NA,1.2864755,1013.89,26.11,-0.42,-0.78
1978,10,0.895,NA,0.35159373,1012.25,26.19,-0.29,0.07
1978,11,2.47,NA,-0.25888401,1011.24,26.37,-0.08,-0.01
1978,12,-0.98,NA,-1.1153547,1012.85,26.43,0,-0.51
1979,1,-2.233,0.47,-0.51478626,1006.27,26.5,0.03,-0.38
1979,2,-0.697,0.29,-0.23329146,1014.25,26.75,0.07,-1.29
1979,3,-0.814,-0.05,-0.62883688,1008.15,27.22,0.2,-0.68
1979,4,-1.157,0.21,-1.034361,1015.65,27.6,0.28,-0.12
1979,5,-0.25,0.27,-0.78180605,1013.37,27.66,0.23,0.57
1979,6,0.933,-0.11,-0.82272109,1018.9,27.32,0.05,0.22
1979,7,0.039,-0.11,-1.1482481,1016.9,27,0.04,0.3
1979,8,-0.684,0.47,-1.2509887,1014.24,26.86,0.17,0.05
1979,9,-0.046,0.38,-0.78481409,1012.3,26.86,0.33,0.88
1979,10,-1.243,0.23,-0.6129027,1008.8,26.94,0.45,1.1
1979,11,0.475,0.53,-0.49207198,1012.46,26.98,0.52,0.58
1979,12,1.295,0.63,-0.54143459,1008.99,27.06,0.64,0.06
1980,1,-2.066,0.33,-1.9028722,1006.58,27.06,0.59,0.06
1980,2,-0.934,0.2,-1.7223209,999.87,27.13,0.46,0.58
1980,3,-1.433,0.39,-1.1510684,1010.53,27.35,0.34,0.62
1980,4,-0.419,0.51,-0.065782108,1011.33,27.7,0.38,0.78
1980,5,-1.155,0.45,-0.21080144,1014.53,27.9,0.48,0.64
1980,6,0.721,0.55,-0.68274075,1018.83,27.73,0.46,-0.72
1980,7,-0.622,0.47,-0.9904321,1017.14,27.22,0.25,-0.21
1980,8,-0.185,0.03,-1.0831368,1018.32,26.72,0.03,0.08
1980,9,0.313,0.12,-0.69690748,1014.71,26.46,-0.07,-0.13
1980,10,-0.521,0.02,-0.066023382,1010.47,26.5,0.02,0.99
1980,11,-1.361,-0.07,-0.13450486,1007.71,26.57,0.11,0.71
1980,12,-0.057,-0.12,-0.28269689,1005.7,26.48,-0.01,0.3
1981,1,-0.116,-0.36,-0.26440728,996.44,26.32,-0.26,1.18
1981,2,-0.332,-0.23,-1.0577437,1005.35,26.32,-0.5,1.24
1981,3,-1.645,0.33,-0.69053925,1006.99,26.69,-0.47,1.22
1981,4,0.43,0.43,-0.62670428,1014.89,27.11,-0.37,1.07
1981,5,0.18,-0.24,0.19965579,1013.15,27.31,-0.26,1.29
1981,6,-0.438,-0.7,0.0088193234,1014.9,27.09,-0.29,1.82
1981,7,0.561,-0.61,-0.52605658,1019.23,26.75,-0.3,0.82
1981,8,-0.244,-0.34,-0.69772961,1015.37,26.5,-0.25,-0.05
1981,9,-1.04,-0.07,0.0029768997,1014.53,26.42,-0.16,0.43
1981,10,-1.167,-0.16,-0.28779399,1014.26,26.41,-0.13,-0.09
1981,11,-0.188,-0.27,0.75622012,1008.77,26.37,-0.15,0.54
1981,12,-1.216,-0.19,0.52121581,1008.19,26.46,-0.08,0.59
1982,1,-0.883,-0.43,-0.19996038,1009.35,26.56,-0.05,0.11
1982,2,0.974,-0.49,-0.87346295,1011.89,26.9,0.07,-0.19
1982,3,1.074,-0.27,-0.62067405,1014.81,27.35,0.19,-0.37
1982,4,1.454,-0.36,-1.0710987,1018.03,27.95,0.47,-0.7
1982,5,-0.209,-0.12,-0.99310639,1016.54,28.23,0.66,-1.21
1982,6,-1.18,0.62,-0.8476034,1013.25,28.1,0.72,-0.99
1982,7,0.005,1.65,-0.61058107,1016.69,27.83,0.79,0.12
1982,8,0.362,1.91,-0.45697363,1017.83,27.81,1.07,-0.08
1982,9,0.558,1.69,-0.45956735,1014.84,28.16,1.58,0.51
1982,10,-0.211,1.78,-1.0067379,1015.2,28.5,1.97,0.15
1982,11,0.661,2.14,-0.86607015,1009.12,28.7,2.18,-0.6
1982,12,0.967,2.37,-0.2344606,1005.95,28.76,2.23,0.16
1983,1,1.359,2.48,0.60465531,1001.17,28.79,2.18,0.4
1983,2,-1.806,2.68,0.47395959,997.66,28.75,1.92,0.97
1983,3,-0.567,2.61,0.43032064,1003.4,28.71,1.54,1.73
1983,4,-0.738,2.76,-0.72051521,1016.23,28.76,1.29,1.26
1983,5,-0.441,2.86,-0.74396599,1015.52,28.63,1.06,1.01
1983,6,0.313,1.98,-0.076887309,1013.57,28.1,0.72,1.9
1983,7,0.131,0.63,-0.04863779,1017.07,27.36,0.31,2.47
1983,8,1.098,-0.17,-0.010007802,1017.83,26.66,-0.08,1.18
1983,9,0.167,-0.49,-0.40973575,1016.75,26.12,-0.46,0.47
1983,10,1.369,-0.53,-0.48714715,1014.12,25.73,-0.81,0.68
1983,11,-0.688,-0.47,0.56100833,1005.02,25.52,-1,1.19
1983,12,0.186,-0.5,-0.6778232,1007.09,25.62,-0.91,1.72
1984,1,0.905,-0.54,-0.21510063,1006.78,26.01,-0.6,1.42
1984,2,-0.303,-0.56,0.40077926,1007.5,26.41,-0.42,1.23
1984,3,-2.386,-0.16,0.71907062,1005.01,26.83,-0.34,1.56
1984,4,-0.284,0.07,1.1599523,1015.6,27.04,-0.43,1
1984,5,0.479,-0.45,0.98165596,1015.5,27.06,-0.51,0.87
1984,6,0.007,-0.66,0.73748025,1014.88,26.94,-0.45,-0.13
1984,7,0.019,-0.34,0.4158185,1018.53,26.74,-0.3,-0.35
1984,8,0.466,-0.2,0.36820697,1015.7,26.59,-0.16,0.01
1984,9,-0.413,-0.14,0.82303277,1012.16,26.34,-0.24,0.18
1984,10,-0.27,-0.19,0.94333701,1011.95,25.98,-0.56,0.43
1984,11,-0.966,-0.58,0.86247744,1008.04,25.61,-0.92,0.54
1984,12,0.446,-0.28,0.25228999,1010.8,25.39,-1.14,0.48
1985,1,-2.806,-0.25,0.32392518,1000.04,25.56,-1.04,0.87
1985,2,-1.44,-0.58,-0.064661941,1014.16,25.98,-0.85,0.48
1985,3,0.551,-0.6,0.23143699,1016.99,26.4,-0.77,-0.34
1985,4,0.652,-0.76,0.31925946,1017.62,26.69,-0.78,-0.52
1985,5,-0.432,-1.23,0.15633692,1015.62,26.79,-0.78,-0.87
1985,6,-0.347,-0.67,-0.044718164,1015.55,26.76,-0.63,0.04
1985,7,-0.39,-0.1,0.17832952,1017.43,26.55,-0.49,0.52
1985,8,-0.001,-0.49,-0.23258976,1018.13,26.29,-0.46,0.19
1985,9,0.114,-0.56,-0.93626777,1015.87,26.18,-0.4,0.13
1985,10,1.035,-0.08,-1.1832549,1015.66,26.19,-0.35,0.14
1985,11,-1.218,-0.06,-1.793918,1012.52,26.25,-0.27,-0.65
1985,12,-1.948,-0.42,-1.6806901,1001.79,26.14,-0.36,0.33
1986,1,-0.568,-0.4,-0.7685944,1001.44,26.05,-0.49,1.04
1986,2,-2.904,-0.34,-1.4491836,1000.52,26.28,-0.47,1.47
1986,3,1.931,-0.4,-0.46623733,1007.7,26.81,-0.31,1.68
1986,4,0.103,-0.53,-0.96677631,1018.11,27.26,-0.2,1.21
1986,5,0.367,-0.26,-0.49841159,1015.26,27.44,-0.12,0.85
1986,6,0.535,0.01,-0.66585381,1013.85,27.34,-0.04,0.62
1986,7,-0.008,0.41,-0.94142243,1017.83,27.26,0.22,1.05
1986,8,-0.826,0.97,-1.0182601,1015.37,27.2,0.44,-0.19
1986,9,-0.023,1.29,-0.768198,1015.04,27.31,0.71,-0.03
1986,10,1.425,0.56,-0.2937993,1010.96,27.49,0.94,1
1986,11,0.926,0.64,-0.50124606,1011.89,27.64,1.14,1.68
1986,12,0.06,1.06,-0.45618453,1001,27.7,1.22,1.71
1987,1,-1.148,1.03,0.68659838,1003.22,27.76,1.23,1.47
1987,2,-1.473,1.16,0.7675583,1005.45,27.95,1.19,1.46
1987,3,-1.746,1.57,0.28541378,1008.28,28.19,1.06,1.35
1987,4,0.387,1.74,0.47076848,1012.3,28.41,0.95,1.38
1987,5,0.325,1.96,0.27433927,1016.47,28.53,0.97,0.82
1987,6,-0.71,2.07,0.39440557,1013.99,28.59,1.22,0.05
1987,7,-0.466,1.88,0.42619958,1015.87,28.54,1.51,1.38
1987,8,-0.836,1.46,0.3395003,1016.65,28.45,1.7,1.74
1987,9,0.287,1.26,0.17022806,1015.43,28.24,1.65,1.44
1987,10,-0.08,1.18,0.12124511,1012.45,28.03,1.48,0.68
1987,11,-0.536,0.9,0.52151727,1009.72,27.76,1.25,0.93
1987,12,-0.534,0.79,0.69232265,1009.49,27.59,1.11,0.94
1988,1,0.265,0.63,1.105185,1005.4,27.34,0.81,0.23
1988,2,-1.066,0.33,0.79684971,1004.18,27.29,0.54,0.47
1988,3,-0.197,0.17,0.96814878,1011.88,27.27,0.14,0.49
1988,4,-0.561,-0.01,1.5734973,1013.58,27.15,-0.31,0.34
1988,5,-0.846,-0.39,1.7784138,1013.46,26.69,-0.88,0.37
1988,6,0.061,-1.17,1.7426903,1014.03,26.08,-1.3,0.21
1988,7,-0.143,-1.78,1.7248738,1017.64,25.74,-1.3,-0.15
1988,8,0.255,-1.81,1.3928516,1015.63,25.65,-1.11,-0.88
1988,9,1.039,-1.8,1.31624,1016.17,25.4,-1.19,-0.98
1988,10,0.032,-1.59,1.4868884,1011.55,25.07,-1.48,-0.36
1988,11,-0.035,-1.7,1.2427056,1009.8,24.71,-1.8,-0.06
1988,12,1.679,-1.55,0.75529687,1008.35,24.63,-1.85,-0.14
1989,1,3.106,-1.12,1.3125811,1012.01,24.84,-1.69,-1.24
1989,2,3.279,-1.1,0.66174412,1015.04,25.32,-1.43,-1.45
1989,3,1.53,-1.24,0.92933697,1013.51,26.04,-1.08,-1.24
1989,4,-0.25,-1.09,0.78376127,1015.95,26.64,-0.83,-0.32
1989,5,0.889,-1.03,0.58351058,1017.43,26.99,-0.58,-0.09
1989,6,0.345,-0.99,0.5221062,1016.45,26.97,-0.4,0.11
1989,7,0.866,-1.08,1.2640097,1018.85,26.73,-0.31,0.56
1989,8,0.551,-0.66,0.66697628,1015.9,26.48,-0.27,-0.44
1989,9,0.703,-0.53,0.65426137,1013.41,26.35,-0.24,-0.57
1989,10,0.991,-0.49,0.44178705,1014.57,26.33,-0.22,-0.51
1989,11,0.034,-0.36,-0.30061121,1014.05,26.34,-0.16,-0.76
1989,12,-0.644,-0.07,-0.17257603,1005.28,26.43,-0.05,-0.1
1990,1,1.001,0.13,0.2687734,1007.57,26.67,0.14,-0.42
1990,2,3.402,0.45,-0.28017566,1017.47,26.96,0.21,-1.28
1990,3,2.99,0.61,0.65271548,1010.16,27.41,0.28,-1.24
1990,4,1.879,0.17,0.24156556,1015.76,27.75,0.29,-0.15
1990,5,0.943,0.08,-0.096055435,1014.35,27.86,0.29,-0.32
1990,6,0.304,0.05,-0.065433778,1015.8,27.68,0.31,-0.25
1990,7,-0.296,0.13,-0.25829866,1016.9,27.37,0.33,-0.31
1990,8,-0.18,0.02,-0.33040579,1015.14,27.13,0.38,-0.43
1990,9,-0.21,0.22,-0.15925639,1013.64,26.98,0.39,-0.26
1990,10,0.66,-0.07,-0.12022116,1014.46,26.89,0.35,-1.16
1990,11,0.521,0.12,-0.73895202,1019.14,26.9,0.4,-1.88
1990,12,1.277,0.31,-1.532809,1011.87,26.94,0.41,-2.22
1991,1,0.723,0.19,-0.74421842,1007.73,27.02,0.41,-1.8
1991,2,-0.876,0.08,-0.30453129,1002.75,27.15,0.26,-1.09
1991,3,-0.527,0.2,-0.80698494,1014.73,27.48,0.22,-1.11
1991,4,0.53,0.2,-0.20643753,1014.04,27.85,0.26,-1.63
1991,5,0.486,0.35,-0.059529254,1014.46,28.16,0.45,-1.65
1991,6,-0.115,0.97,-0.38776968,1016.24,28.17,0.64,-2.25
1991,7,-0.188,0.91,-0.4794923,1016.62,27.94,0.73,-1.57
1991,8,0.797,0.37,-0.57405316,1014.95,27.57,0.64,-0.58
1991,9,-0.112,0.54,-0.94857557,1011.72,27.41,0.62,0.37
1991,10,-0.252,0.97,-1.0900901,1013.58,27.54,0.79,0.41
1991,11,0.285,1.04,-0.17231725,1008.35,27.91,1.21,0.56
1991,12,1.613,1.23,-0.21297704,1007.76,28.18,1.53,-0.21
1992,1,0.55,1.68,0.49307736,998.86,28.39,1.71,0.08
1992,2,1.122,1.58,-0.45653143,1007,28.52,1.63,0.17
1992,3,0.984,1.71,-0.82080177,1010.31,28.73,1.48,0.12
1992,4,-0.521,1.97,-1.4336134,1013.95,28.88,1.29,0.55
1992,5,1.341,1.68,-1.7956172,1015.85,28.76,1.06,1.26
1992,6,-0.302,1.51,-1.3506516,1013.8,28.26,0.73,1.22
1992,7,0.191,0.62,-1.4624325,1017.3,27.57,0.37,1.5
1992,8,0.535,-0.02,-1.2474734,1015.84,27.03,0.09,0.85
1992,9,-0.64,0.4,-0.94662956,1014.96,26.66,-0.13,0.45
1992,10,-0.366,0.67,-0.96898904,1011.7,26.5,-0.25,1.28
1992,11,0.717,0.62,-1.2806748,1009.84,26.43,-0.28,1.31
1992,12,1.627,0.73,-1.8686891,1013.12,26.52,-0.13,0.33
1993,1,3.495,0.79,-2.8169835,1010.81,26.77,0.09,-0.28
1993,2,0.184,0.89,-2.1408178,1002.44,27.18,0.3,0.02
1993,3,0.764,0.77,-1.7419109,1007.56,27.75,0.5,0.24
1993,4,-0.435,0.98,-0.75883626,1009.7,28.27,0.67,1
1993,5,-1.607,1.47,-1.0894275,1012.52,28.4,0.7,1.79
1993,6,-0.52,1.51,-1.6821039,1015,28.1,0.57,2.05
1993,7,-0.511,0.9,-1.6785552,1016.91,27.53,0.32,1.48
1993,8,-0.393,0.6,-1.5143229,1015.85,27.19,0.25,1.96
1993,9,-0.361,0.61,-2.0474347,1015.66,26.94,0.15,1.15
1993,10,-0.565,0.96,-2.3542966,1012.5,26.85,0.1,1.31
1993,11,1.002,0.7,-2.9986692,1013.88,26.75,0.04,1.13
1993,12,-0.104,0.27,-2.0005526,1006.82,26.71,0.06,0.67
1994,1,-0.288,-0.01,-1.8540143,1008.31,26.74,0.06,0.85
1994,2,-0.862,-0.21,-1.9786652,1010.4,26.95,0.07,0.33
1994,3,1.881,-0.23,-1.8557886,1012.37,27.43,0.17,0.27
1994,4,0.225,0.01,-1.4470739,1013.97,27.9,0.31,0.49
1994,5,-0.115,-0.03,-0.30135894,1013.61,28.12,0.42,0.55
1994,6,1.606,0.25,-0.61160343,1016.87,27.94,0.41,0.1
1994,7,0.351,0.96,-0.71112965,1017.21,27.65,0.44,-0.91
1994,8,0.828,0.87,-0.85876787,1017.52,27.37,0.43,-0.88
1994,9,-0.084,1.1,-1.1048639,1013.8,27.35,0.55,-1.51
1994,10,0.174,1.52,-1.1107256,1012.66,27.49,0.74,-1.06
1994,11,1.779,1.01,-1.6884391,1016.69,27.71,1.01,-1.93
1994,12,0.894,0.91,-1.0167549,1005.4,27.74,1.09,-2.22
1995,1,-0.154,0.82,-0.49903343,1002.19,27.64,0.96,-0.86
1995,2,1.429,0.54,-1.5608722,1006.59,27.61,0.72,0.02
1995,3,0.393,0.17,-2.0546501,1011.94,27.79,0.53,0.46
1995,4,-0.963,0.13,-1.8249588,1013.9,27.9,0.3,0.49
1995,5,-0.891,0.14,-1.5042438,1013.84,27.84,0.14,0.89
1995,6,-0.112,0.01,-1.0479894,1014.58,27.5,-0.03,1.03
1995,7,-0.217,-0.29,-1.4994407,1016.82,26.97,-0.24,1
1995,8,0.544,-0.7,-1.0060149,1017.25,26.4,-0.54,-0.11
1995,9,-0.549,-0.94,-0.89392105,1010.19,25.99,-0.81,1.22
1995,10,0.075,-0.74,-0.51771379,1012.92,25.78,-0.97,0.64
1995,11,-0.723,-0.77,-0.2774263,1011.95,25.7,-1,0.05
1995,12,-2.127,-0.9,0.21576192,999.68,25.66,-0.98,0.44
1996,1,-1.2,-0.85,-0.63897712,1008.3,25.76,-0.9,1.01
1996,2,0.163,-0.8,-1.0529048,1007.99,26.1,-0.75,1.01
1996,3,-1.483,-0.66,-1.1487637,1010.94,26.65,-0.59,0.85
1996,4,-1.525,-0.76,-0.43611656,1009.61,27.2,-0.39,1.37
1996,5,-0.226,-0.85,-1.2747659,1015.82,27.4,-0.31,2.13
1996,6,0.497,-0.91,-1.0600342,1016.67,27.23,-0.3,1.1
1996,7,0.715,-0.83,-0.88413569,1018.22,26.93,-0.27,0.57
1996,8,0.125,-0.64,-0.74825013,1018.09,26.59,-0.32,-0.66
1996,9,-1.14,-0.31,-0.93392844,1014.62,26.39,-0.35,0.07
1996,10,0.183,-0.37,-1.0410775,1014.33,26.28,-0.4,0.4
1996,11,0.136,-0.34,-1.1001672,1012.28,26.17,-0.45,0.38
1996,12,-1.721,-0.47,-1.3549181,1009.82,26.09,-0.49,-0.03
1997,1,-0.457,-0.65,-1.6402249,1002.04,26.12,-0.5,0.44
1997,2,1.889,-0.72,-1.1130951,1004.22,26.49,-0.36,0.29
1997,3,1.091,-0.3,-0.61802828,1014.99,27.14,-0.1,0.39
1997,4,0.324,0.15,-0.5061382,1011.38,27.87,0.28,0.73
1997,5,-0.961,0.71,-0.87719416,1012.88,28.46,0.75,1.59
1997,6,-0.815,2.34,-0.93839334,1014.84,28.75,1.22,2.55
1997,7,-0.431,2.26,-0.77236159,1015.95,28.8,1.6,1.49
1997,8,0.121,2.26,-0.7858272,1015.97,28.81,1.9,2.27
1997,9,0.195,2.2,-0.48147621,1012.47,28.88,2.14,1.8
1997,10,-0.7,2.06,-0.59425899,1013.29,29.01,2.33,1.78
1997,11,-0.661,2.14,0.17402893,1009.99,29.02,2.4,1.48
1997,12,-0.071,2.11,0.26068165,1008.35,28.97,2.39,0.99
1998,1,-2.081,2.3,0.52791423,1000.74,28.87,2.24,1.05
1998,2,-0.183,2.45,1.9000587,1000.2,28.78,1.93,1.52
1998,3,-0.254,2.27,0.89331784,1008.11,28.68,1.44,1.29
1998,4,-0.038,2.61,0.52151313,1015.1,28.59,0.99,0.03
1998,5,0.429,2.33,0.27758158,1015.82,28.16,0.45,-0.83
1998,6,-0.711,0.42,0.11902247,1017.74,27.39,-0.13,-0.78
1998,7,-0.212,-1.53,0.39316174,1017.81,26.42,-0.78,-1.16
1998,8,0.65,-1.82,0.27265688,1018.76,25.79,-1.12,-0.87
1998,9,-1.05,-1.4,0.044480388,1014.46,25.44,-1.31,-1.7
1998,10,0.294,-1.29,0.098751134,1013.9,25.32,-1.35,-2.23
1998,11,-1.449,-1.34,0.71735091,1008.96,25.14,-1.48,-0.97
1998,12,1.353,-1.29,0.76883039,1011.37,25.01,-1.57,-1.09
1999,1,0.11,-1.28,1.0828257,1007.95,25.08,-1.55,-0.78
1999,2,0.482,-1.2,2.3041594,1006.91,25.55,-1.3,-1.06
1999,3,-1.492,-1.15,1.9742975,1012.04,26.17,-1.07,-1.18
1999,4,0.284,-1.16,1.6464381,1017.12,26.62,-0.98,-1.85
1999,5,0.226,-1.33,1.6045932999999999,1015.72,26.68,-1.02,-2.32
1999,6,0.707,-1.26,1.9053233,1014.03,26.49,-1.04,-2.34
1999,7,-0.002,-1.18,1.3811213,1019.11,26.1,-1.1,-1.87
1999,8,-0.672,-1.03,1.4334654,1014.38,25.8,-1.11,-1.84
1999,9,0.059,-1.16,1.3049656,1014.29,25.58,-1.16,-2.24
1999,10,-0.006,-1.33,1.1788208,1014.49,25.41,-1.26,-2.54
1999,11,0.611,-1.33,1.3205504,1011.32,25.16,-1.46,-2.18
1999,12,1.043,-1.43,1.0528054,1010.54,24.93,-1.65,-1.92
2000,1,1.27,-1.25,1.4045384,1013.54,24.96,-1.66,-2.2
2000,2,1.076,-1.26,2.1235311,1000.9,25.44,-1.41,-1.28
2000,3,-0.451,-1.37,2.1492677,1005.93,26.17,-1.07,-0.66
2000,4,-0.279,-0.9,2.3652705,1015.08,26.78,-0.81,-0.63
2000,5,0.969,-0.93,2.220292,1016.26,27,-0.71,-0.81
2000,6,0.586,-1.18,2.1020662,1015.37,26.88,-0.64,-0.64
2000,7,-0.649,-0.61,1.655785,1017.37,26.65,-0.55,-1.51
2000,8,0.144,-0.08,1.3516272,1018.06,26.4,-0.51,-1.68
2000,9,0.395,-0.35,1.3801795,1013.41,26.2,-0.55,-1.45
2000,10,0.317,-0.52,1.6981881,1012.85,26.05,-0.63,-1.61
2000,11,-1.581,-0.86,2.0145948,1009.13,25.88,-0.75,-1.04
2000,12,-2.354,-0.79,2.164995,1003.25,25.81,-0.74,0
2001,1,-0.959,-0.83,2.8619328,1002,25.88,-0.68,0.48
2001,2,-0.622,-0.86,2.9560468,1009.46,26.26,-0.52,-0.01
2001,3,-1.687,-0.78,2.388775,1011.58,26.76,-0.44,-0.41
2001,4,0.906,-0.55,2.2039413,1016.05,27.25,-0.34,-1.18
2001,5,0.452,-0.51,1.9538953,1015.52,27.49,-0.25,-1.12
2001,6,-0.015,-0.73,2.349303,1016.5,27.47,-0.12,-1.22
2001,7,-0.031,0.04,1.5004872,1017.41,27.2,-0.08,-2.21
2001,8,0.521,0.38,1.9150242,1016.4,26.86,-0.13,-1.68
2001,9,-0.707,-0.06,1.8929954,1013.72,26.63,-0.19,-1.98
2001,10,0.707,-0.22,1.1619115,1013.92,26.48,-0.29,-1.91
2001,11,0.819,-0.28,1.7645249,1006.79,26.37,-0.35,-1.25
2001,12,-1.322,0.06,2.0194831,1006.74,26.31,-0.31,-1.12
2002,1,1.381,0.09,1.8641573,1007.86,26.44,-0.15,-0.42
2002,2,1.304,-0.26,2.1773568,1010.13,26.81,0.03,-1.51
2002,3,0.902,-0.2,1.8982763,1014.46,27.29,0.09,-1.27
2002,4,0.748,-0.36,0.89742216,1018.43,27.8,0.2,-1.23
2002,5,0.401,-0.14,1.102573,1014.35,28.18,0.43,-1.3
2002,6,0.573,0.34,1.6053913,1013.67,28.24,0.65,-1.18
2002,7,0.328,0.44,1.3822965,1016.85,28.06,0.79,-0.71
2002,8,-0.229,1.01,0.81184355,1016.2,27.85,0.86,0.11
2002,9,-0.043,0.88,0.82441109,1014.54,27.83,1.01,-0.21
2002,10,-1.489,0.84,0.82363712,1010.22,27.97,1.21,-0.2
2002,11,-1.425,0.84,1.6592152,1004.55,28.03,1.31,1.08
2002,12,-1.592,0.91,2.6365472,1003.26,27.76,1.14,1.57
2003,1,-0.472,0.82,1.9691832,999.59,27.51,0.92,1.45
2003,2,0.128,0.63,0.99256558,1007.49,27.41,0.63,1.23
2003,3,0.933,0.53,1.4907114,1010.44,27.58,0.38,1.01
2003,4,-0.178,-0.11,1.1017217,1014.47,27.56,-0.04,0.36
2003,5,1.017,-0.61,0.9192588,1015.92,27.48,-0.26,0.21
2003,6,-0.102,-0.1,0.77769152,1013.69,27.42,-0.16,-0.42
2003,7,0.075,0.01,1.2024408,1018.2,27.35,0.08,0.37
2003,8,-0.28,0.05,0.78228794,1016.42,27.2,0.21,0.63
2003,9,0.467,0.18,0.8692253,1013.25,27.08,0.26,-0.17
2003,10,-0.67,0.28,1.286991,1011.44,27.05,0.29,0.74
2003,11,0.642,0.3,-0.11436786,1018.1,27.07,0.35,-0.23
2003,12,0.265,0.14,0.22437689,1003.77,26.97,0.35,-0.6
2004,1,-1.686,0.19,0.26501486,1005.07,26.95,0.37,-0.55
2004,2,-1.528,-0.05,0.66722957,1001.85,27.08,0.31,-0.21
2004,3,0.318,-0.43,0.38293237,1014.03,27.43,0.23,-0.15
2004,4,-0.409,-0.23,0.12524921,1011.56,27.76,0.17,-0
2004,5,-0.094,-0.46,0.20735337,1015.18,27.91,0.17,0.61
2004,6,-0.236,-0.39,0.77647507,1016.52,27.87,0.28,-0.11
2004,7,-0.201,0.46,0.41156805,1014.98,27.74,0.47,0.04
2004,8,-0.72,0.77,0.68538324,1013.88,27.63,0.64,0.24
2004,9,0.855,0.59,0.37640228,1015.94,27.52,0.7,0.02
2004,10,-0.515,0.4,0.042904182,1012.55,27.44,0.67,-0.72
2004,11,0.678,0.56,-0.44177726,1011.09,27.38,0.66,-1.22
2004,12,1.23,0.48,-0.98521195,1009.24,27.3,0.69,-0.64
2005,1,0.356,0.09,-1.9348221,1004,27.22,0.64,-0.15
2005,2,-1.271,0.61,-1.5993721,1008.07,27.36,0.58,-0.01
2005,3,-1.348,0.83,-1.4269572,1008.35,27.65,0.45,0.7
2005,4,-0.046,0.14,-1.7171677,1014,28.02,0.43,0.28
2005,5,-0.763,0.19,-0.7821975,1011.91,28.03,0.29,1.36
2005,6,-0.383,0.2,-1.3968655,1014.61,27.69,0.11,0.85
2005,7,-0.03,-0,-1.5583487,1017.01,27.21,-0.06,0.11
2005,8,0.026,0.01,-1.1385837,1014.91,26.85,-0.14,-0.42
2005,9,0.802,-0.02,-1.8340067,1016.08,26.71,-0.11,-0.99
2005,10,0.03,-0.66,-1.0356178,1012.96,26.48,-0.29,-2
2005,11,0.228,-0.7,-1.7418174,1013.88,26.15,-0.57,-1.89
2005,12,-2.104,-0.7,-1.4634516,999.54,25.81,-0.84,-0.1
2006,1,-0.17,-0.64,-0.70539119,1007.96,25.8,-0.85,0.54
2006,2,-0.156,-0.48,-0.96233149,1014.38,26.1,-0.77,0.38
2006,3,-1.604,-0.62,-0.73541925,1014.78,26.73,-0.57,-0.74
2006,4,0.138,-0.84,-0.64099295,1015.51,27.31,-0.37,-0.54
2006,5,0.156,-0.42,-0.10930969,1016.5,27.69,-0.14,-0.37
2006,6,1.071,-0.18,-0.13351945,1016.5,27.62,-0.03,0.21
2006,7,0.103,0.21,-0.26416321,1016.33,27.4,0.1,0.39
2006,8,-0.265,0.59,-0.2690823,1018.12,27.26,0.3,-0.85
2006,9,0.606,0.65,-0.48277169,1014.75,27.3,0.54,-1.54
2006,10,-1.029,0.77,-0.90869134,1014.18,27.48,0.77,-0.46
2006,11,0.521,1,-1.1642503,1014.75,27.62,0.94,-0.81
2006,12,2.282,0.64,-0.22332278,1004.94,27.56,0.94,-0.42
2007,1,2.034,0.64,-0.28664521,1008.53,27.3,0.66,-0.69
2007,2,-1.307,0.39,-0.023279329,1008.17,27.09,0.22,-0.71
2007,3,1.182,-0.19,-0.6369761,1012.74,27.18,-0.12,-1.1
2007,4,0.544,-0.32,0.2090405,1009.87,27.37,-0.32,-0.46
2007,5,0.894,-0.41,0.51459416,1015.51,27.45,-0.38,-0.29
2007,6,-0.555,-0.83,1.2697212,1016.26,27.18,-0.47,-0.07
2007,7,-0.397,-0.75,1.3383294,1014.67,26.74,-0.56,0.43
2007,8,-0.034,-0.9,1.2415749,1016.07,26.15,-0.81,0.09
2007,9,0.179,-1.06,0.71520828,1013.92,25.69,-1.07,-0.97
2007,10,0.383,-1.13,1.3893471,1013.33,25.37,-1.34,-2.33
2007,11,-0.519,-1.12,0.71503009,1007.59,25.17,-1.5,-1.46
2007,12,0.821,-1.19,0.50763047,1010.56,25.02,-1.6,-0.87
2008,1,0.819,-1.06,0.78724074,1009.33,25,-1.64,-1.5
2008,2,0.938,-1.27,1.2649955,1005.85,25.35,-1.52,-1.46
2008,3,0.586,-1.52,1.3266435,1013.19,26.01,-1.29,-1.26
2008,4,-0.455,-1.11,1.3599307,1018.18,26.67,-1.01,-1.79
2008,5,-1.205,-0.99,1.7339619,1014.14,26.99,-0.84,-1.62
2008,6,-0.09,-0.8,1.5539068,1016.95,27.04,-0.61,-1.85
2008,7,-0.48,-0.78,1.6279512,1016.56,26.92,-0.37,-1.96
2008,8,-0.08,-1.01,2.1278551,1014.83,26.73,-0.23,-1.85
2008,9,-0.327,-1.02,2.1982501,1013.98,26.52,-0.24,-1.87
2008,10,1.676,-1.08,1.723844,1015.42,26.36,-0.35,-1.9
2008,11,0.092,-0.98,1.7682037,1010.81,26.12,-0.55,-1.59
2008,12,0.648,-1.01,0.44148439,1014.72,25.88,-0.73,-1.31
2009,1,0.8,-1.01,0.72337095,1009.59,25.79,-0.85,-1.81
2009,2,-0.672,-0.85,0.83058122,1014.81,26.08,-0.79,-1.78
2009,3,0.121,-0.95,0.060365239,1017.4,26.68,-0.61,-2.06
2009,4,0.973,-0.81,0.22206456,1015.88,27.36,-0.33,-2.23
2009,5,1.194,-0.72,0.49203307,1016.03,27.84,0.01,-1.32
2009,6,-1.351,-0.05,0.42516878,1013.16,27.94,0.28,-0.73
2009,7,-1.356,0.56,0.33705345,1015.78,27.75,0.45,-0.71
2009,8,-0.054,0.56,0.36647606,1016.23,27.53,0.58,-0.49
2009,9,0.875,0.42,1.0266812,1013.6,27.47,0.71,0.33
2009,10,-1.54,0.56,1.0968667,1010.73,27.72,1.01,-0.13
2009,11,0.459,1.04,0.94410275,1012.19,28.03,1.36,-0.94
2009,12,-3.413,0.95,1.1622241,1004.34,28.18,1.56,-0.51
2010,1,-2.587,0.93,2.0241993,1000.04,28.14,1.5,0.05
2010,2,-4.266,1.28,1.8351742,1005.01,28.09,1.22,0.25
2010,3,-0.432,1.33,1.6520626,1010.87,28.14,0.84,-0.16
2010,4,-0.275,0.49,1.128877,1015.22,28.04,0.35,-0.04
2010,5,-0.919,-0.12,1.9813718,1016.23,27.66,-0.17,-0.18
2010,6,-0.013,-1.29,1.3132342,1015.99,27,-0.66,-0.79
2010,7,0.435,-2.43,0.82324603,1018.84,26.25,-1.05,-1.99
2010,8,-0.117,-2.38,0.83186555,1018.11,25.61,-1.35,-2.21
2010,9,-0.865,-2.26,1.0082519,1012.75,25.21,-1.56,-2.45
2010,10,-0.467,-2.16,1.4315416,1011.56,25.07,-1.64,-1.6
2010,11,-0.376,-2.01,0.7425656,1013.83,25.03,-1.64,-1.57
2010,12,-2.631,-1.86,0.70283278,1013.51,25.02,-1.59,-2.04
2011,1,-1.683,-1.77,0.20980585,1003.18,25.22,-1.42,-1.8
2011,2,1.575,-1.59,0.28653615,1015.8,25.68,-1.19,-1.46
2011,3,1.424,-1.75,1.144674,1009.34,26.37,-0.93,-1.28
2011,4,2.275,-1.69,0.72057689,1015.1,26.95,-0.73,-1.02
2011,5,-0.035,-1.23,1.6721972,1014.86,27.28,-0.55,-0.66
2011,6,-0.858,-1.02,1.1740216,1014.75,27.21,-0.44,-1.08
2011,7,-0.472,-0.75,0.58468602,1017.27,26.81,-0.48,-2.3
2011,8,-1.063,-0.81,0.93085837,1015.04,26.33,-0.62,-2.37
2011,9,0.665,-1.08,1.3709189,1012.88,25.93,-0.83,-2.5
2011,10,0.8,-1.3,1.0299733,1012.67,25.7,-1.01,-1.92
2011,11,1.459,-1.14,0.32285955,1014.06,25.58,-1.09,-2.95
2011,12,2.221,-1.18,0.028633063,1009.69,25.58,-1.04,-2.4
2012,1,-0.22,-1.07,0.66735306,1007.49,25.77,-0.86,-1.85
2012,2,-0.036,-0.68,0.71751176,1006.07,26.15,-0.72,-1.35
2012,3,1.037,-0.58,1.0337626,1014.31,26.71,-0.59,-1.66
2012,4,-0.035,-0.38,2.0887349,1015.06,27.21,-0.47,-1.01
2012,5,0.168,-0.32,1.8115715,1016.26,27.57,-0.26,-2.12
2012,6,-0.672,-0.28,1.8846989,1014.66,27.64,-0.01,-1.63
2012,7,0.168,0.34,1.6670951,1018.38,27.54,0.25,-2.4
2012,8,0.014,-0.02,1.7534596,1016.97,27.32,0.37,-2.6
2012,9,0.772,-0.29,1.4452805,1015.32,27.13,0.37,-2.99
2012,10,-1.514,-0.19,1.6405678,1012.85,26.98,0.27,-1.22
2012,11,-0.111,-0.03,1.2700175,1012.29,26.73,0.05,-0.66
2012,12,-1.749,-0.03,1.092898,1009.34,26.41,-0.21,-1.31
2013,1,-0.61,-0.06,1.1478873,1006.32,26.21,-0.43,-1.1
2013,2,-1.007,-0.08,1.1105479,1009.7,26.44,-0.43,-1.42
2013,3,-3.185,-0.12,0.69234387,1013.91,26.96,-0.34,-1.48
2013,4,0.322,-0.35,0.58927237,1016.05,27.38,-0.3,-0.72
2013,5,0.494,-0.68,1.0119288,1015.92,27.47,-0.36,-0.4
2013,6,0.549,-1.14,0.69223158,1015.75,27.24,-0.41,-1.19
2013,7,-0.011,-0.79,0.34243772,1018.26,26.89,-0.4,-1.34
2013,8,0.154,-0.45,0.7568359,1013.93,26.64,-0.32,-1.56
2013,9,-0.461,-0.33,0.35437524,1013.17,26.51,-0.26,-1
2013,10,0.263,-0.13,-0.20542065,1012.5,26.54,-0.18,-1.65
2013,11,2.029,-0.16,-0.77142655,1015.44,26.5,-0.17,-1.09
2013,12,1.475,-0.34,-1.3621541,1010.29,26.35,-0.27,-1.04
2014,1,-0.969,-0.5,-0.5781714,1002.87,26.22,-0.42,-0.57
2014,2,0.044,-0.42,-0.23148509,1010.84,26.41,-0.46,-0.42
2014,3,1.206,-0.05,-0.38443438,1009.58,27.03,-0.27,0.3
2014,4,0.972,-0.16,-0.25205794,1010.81,27.73,0.04,0.36
2014,5,0.464,-0.17,0.30978659,1017.44,28.04,0.21,1.27
2014,6,-0.507,0,-0.42835389,1016.41,27.82,0.16,-0.28
2014,7,-0.489,0.42,-0.11190958,1016.73,27.34,0.05,0.25
2014,8,-0.372,0.23,-0.51548277,1014.39,27.02,0.07,0.34
2014,9,0.102,-0.09,-0.87547776,1012.06,27,0.23,0.76
2014,10,-1.134,0.12,0.45931005,1011.17,27.21,0.49,1.43
2014,11,-0.53,0.37,0.47604654,1008.51,27.31,0.64,1.35
2014,12,0.413,0.35,-0.22476687,1005.1,27.28,0.66,1.86
2015,1,1.092,0.23,-0.77618598,1004.45,27.19,0.55,1.51
2015,2,1.043,0.06,-1.316767,1007.6,27.34,0.47,1.52
2015,3,1.837,0.15,-1.2846833,1013.65,27.82,0.53,1.33
2015,4,1.216,0.31,-1.2025166,1015.87,28.38,0.7,0.9
2015,5,0.763,0.95,-0.74425653,1014.65,28.76,0.93,0.32
2015,6,0.427,1.9,-1.2668086,1015.56,28.83,1.18,0.82
2015,7,-1.108,1.79,-1.2707526,1015.21,28.81,1.52,1.41
2015,8,-0.689,1.95,-1.9270325,1016.4,28.82,1.86,0.98
2015,9,-0.165,2.24,-2.2652884,1015.79,28.93,2.16,0.97
2015,10,-0.25,2.15,-1.237924,1009.75,29.14,2.42,0.84
2015,11,1.945,1.94,-2.1427764,1015.94,29.25,2.57,0.17
2015,12,1.444,1.93,-1.1337529,1006.17,29.26,2.64,0.29
2016,1,-1.449,1.94,0.94929233,999.07,29.12,2.48,0.75
2016,2,-0.024,1.81,0.26207514,1003.23,29.01,2.14,1.29
2016,3,0.28,1.32,0.62264395,1008.53,28.88,1.58,1.56
2016,4,-1.051,1.33,-0.24689996,1010.49,28.62,0.94,1.74
2016,5,-0.036,1.24,-0.71543877,1017.15,28.22,0.39,1.6
2016,6,0.313,0.36,-1.0154314,1017.59,27.59,-0.07,0.87
2016,7,0.085,-0.53,-0.49516185,1020.14,26.93,-0.36,0.57
2016,8,0.472,-0.27,-0.85995265,1018.83,26.42,-0.54,-0.63
2016,9,0.781,-0.29,-0.73497508,1015.59,26.14,-0.63,-0.8
2016,10,-1.917,-0.54,0.67635296,1009.52,26.02,-0.69,-0.43
2016,11,-0.611,-0.48,1.2893929,1009.24,26.01,-0.67,0.96
2016,12,1.786,-0.37,-1.655726,1014.11,26.06,-0.56,0.61
2017,1,0.942,-0.43,-0.18399303,1008.76,26.3,-0.34,-0.05
2017,2,0.34,-0.42,-0.6027385,1008.15,26.71,-0.16,-0.01
2017,3,1.365,-0.58,-0.84992245,1011.02,27.35,0.05,0.1
2017,4,-0.089,-0.19,-0.075803924,1011.23,27.89,0.2,0.56
2017,5,-0.73,0.19,-0.43783743,1014.92,28.13,0.3,0.45
2017,6,0.402,-0.24,-0.33535312,1013.77,27.97,0.31,0.35
2017,7,0.634,-0.63,-0.53892298,1018.07,27.43,0.14,-0.43
2017,8,0.15,-0.73,-0.60820603,1015.27,26.84,-0.11,-0.63
2017,9,-0.492,-0.74,-0.49108368,1014,26.38,-0.38,-0.2
2017,10,0.69,-0.59,-1.3644931,1015.34,26.06,-0.65,-0.68
2017,11,-0.078,-0.62,-2.077168,1016.31,25.84,-0.84,-0.59
2017,12,-0.059,-0.74,-2.7440743,1009.67,25.64,-0.97,-0.03
2018,1,-0.281,-0.79,-1.4729096,1007.14,25.72,-0.92,0.38
2018,2,0.113,-0.71,-2.2509161,1014.44,26.02,-0.85,-0.09
2018,3,-0.941,-0.8,-2.0866305,1017.33,26.6,-0.7,-0.72
2018,4,0.544,-1.32,-2.0168469,1013.25,27.18,-0.5,-0.82
2018,5,1.18,-0.94,-1.9413912,1015.28,27.61,-0.22,-0.46
2018,6,0.38,-0.52,-2.0413892,1014.57,27.64,-0.01,-0.66
2018,7,0.612,-0.05,-1.8261448,1020.47,27.38,0.09,-0.01
2018,8,0.836,0.46,-2.2831992,1017.03,27.18,0.23,-0.24
2018,9,0.585,0.62,-2.3479941,1016.65,27.25,0.49,-0.35
2018,10,0.413,0.52,-2.3580506,1010.45,27.47,0.76,-0.57
2018,11,-1.116,0.33,-1.8222515,1010.86,27.57,0.9,-0.71
2018,12,0.11,0.18,-1.1237963,1007.65,27.43,0.81,-0.21
2019,1,-0.713,0.09,-0.88833723,1003.79,27.39,0.75,-0.34
2019,2,1.149,0.5,-2.6050071,1014.63,27.59,0.72,-0.72
2019,3,2.116,0.76,-1.9816123,1010.06,28.01,0.71,-0.4
2019,4,-0.255,0.3,-2.0675167,1011.57,28.34,0.66,0.09
2019,5,-1.231,0.23,-1.8017818,1014.74,28.37,0.54,0.26
2019,6,-0.601,0.35,-2.3883762,1016.91,28.1,0.45,-0.06
2019,7,-0.89,0.3,-2.2281263,1016.14,27.57,0.28,0.54
2019,8,-0.722,0.32,-2.1773871,1015.4,27.1,0.14,0.01
2019,9,0.306,0.16,-2.5526577,1014.04,26.95,0.19,0.13
2019,10,-0.082,0.31,-2.602176,1014.5,27.06,0.35,-0.9
2019,11,-1.193,0.47,-3.4234464,1009.74,27.18,0.51,-0.5
2019,12,0.412,0.36,-2.6324104,1007.8,27.17,0.55,-0
2020,1,2.419,0.25,-1.5613362,1010.16,27.14,0.5,-1.41
2020,2,3.417,0.26,-2.3690688,1011.12,27.35,0.48,-1.48
2020,3,2.641,0.13,-1.9382037,1019.99,27.7,0.4,-1.75
2020,4,0.928,-0.15,-1.9867511,1014,27.87,0.19,-1.32
2020,5,-0.027,-0.23,-1.522598,1012.72,27.75,-0.08,-0.53
2020,6,-0.122,-0.68,-1.9432026,1015.56,27.35,-0.3,-0.75
2020,7,-0.412,-0.94,-2.1242406,1016.85,26.88,-0.41,-0.92
2020,8,-0.381,-0.96,-1.4627552,1014.75,26.38,-0.57,-1.33
2020,9,0.631,-1.15,-1.2785058,1014.62,25.87,-0.89,-1.04
2020,10,-0.072,-1.17,-1.8493628,1015.28,25.54,-1.17,-0.62
2020,11,2.086,-1.13,-2.6590678,1012.88,25.4,-1.27,-1.59
2020,12,-1.736,-1.14,-1.4198115,1003.43,25.43,-1.19,-0.99
2021,1,-2.484,-1.2,-0.64163651,1006.43,25.59,-1.05,-0.61
2021,2,-1.191,-0.96,-1.1312463,1011.02,25.94,-0.93,-1.09
2021,3,2.109,-0.79,-0.84696472,1019.42,26.46,-0.84,-1.68
2021,4,-0.204,-0.95,-1.8547485,1018.34,27.03,-0.66,-1.84
2021,5,-0.161,-1.07,-0.82445222,1015.2,27.35,-0.48,-2.01
2021,6,0.845,-1.05,-0.5793176,1014.24,27.28,-0.38,-1.81
2021,7,0.63,-1.44,-0.77473195,1019.2,26.89,-0.4,-1.96
2021,8,-0.209,-1.29,-1.060829,1016.28,26.46,-0.49,-0.94
2021,9,-0.252,-1.38,-0.69488808,1014.81,26.09,-0.67,-1.96
2021,10,-0.146,-1.46,-0.087678211,1013.55,25.9,-0.81,-3.13
2021,11,0.093,-1.39,-0.36651041,1012.21,25.69,-0.98,-2.75
2021,12,0.198,-1.2,-2.0884259,1016.39,25.63,-0.98,-2.71
2022,1,0.848,-1.01,-1.4146332,1004.52,25.67,-0.97,-2.4
2022,2,1.544,-0.98,-2.0935935,1007.78,25.94,-0.93,-1.91
2022,3,0.305,-1.31,-1.1043521,1011.72,26.31,-0.99,-1.67
2022,4,-0.603,-1.61,-0.6396414,1015.45,26.62,-1.06,-2.1
2022,5,1.224,-1.63,-0.40818601,1016.82,26.84,-0.99,-2.25
2022,6,-0.074,-1.9,-0.67156258,1015.04,26.8,-0.85,-1.33
2022,7,0.025,-2.17,-0.48221097,1017.41,26.48,-0.81,-2.62
2022,8,-0.17,-1.75,-0.64757709,1016.31,26.04,-0.91,-2.39
2022,9,-0.655,-1.73,-1.1218681,1014.54,25.75,-1.01,-2.29
2022,10,1.346,-1.73,-1.8804719,1014.93,25.72,-0.99,-1.82
2022,11,0.339,-1.53,-2.1190861,1015.31,25.76,-0.92,-2.41
2022,12,-2.719,-1.28,-2.5625015,1007.72,25.79,-0.83,-2.21
2023,1,-0.674,-1.11,-1.6884604,1004.53,25.96,-0.68,-1.25
2023,2,1.6,-0.91,-2.2435117,1014.45,26.44,-0.43,-1.65
2023,3,0.28,-0.76,-2.7823543,1017.59,27.15,-0.15,-2.45
2023,4,-0.973,-0.37,-1.9492671,1015.47,27.85,0.16,-3.07
2023,5,1.134,-0.05,-1.2931111,1017.04,28.31,0.48,-2.42
2023,6,-0.286,0.43,-1.3224025,1014.58,28.42,0.77,-2.53
2023,7,-0.154,0.5,-1.4115919,1018.55,28.36,1.07,-2.52
2023,8,-0.602,0.51,-1.3941445,1016.05,28.28,1.32,-2.47
2023,9,0.318,0.69,-1.7556643,1015.7,28.32,1.56,-2.98
2023,10,-0.414,0.48,-1.0919918,1011.69,28.49,1.78,-2.23
2023,11,-0.036,0.91,-1.8512444,1012.05,28.6,1.92,-1.79
2023,12,-0.221,1.13,-1.9111675,1007.91,28.57,1.95,-1.66
2024,1,-0.21,0.71,-0.35733792,1003.89,28.43,1.79,-1.55
2024,2,0.635,0.7,NA,1010.36,28.37,1.5,-1.31
2024,3,-0.61,NA,NA,1011.67,NA,NA,-1.57
1899,1,NA,NA,NA,1009.94,NA,NA,0.08
1899,2,NA,NA,NA,1009.32,NA,NA,-1.27
1899,3,NA,NA,NA,1009.78,NA,NA,-0.75
1899,4,NA,NA,NA,1014.77,NA,NA,-0.51
1899,5,NA,NA,NA,1014.55,NA,NA,-1.07
1899,6,NA,NA,NA,1016.84,NA,NA,-1.48
1899,7,NA,NA,NA,1017.79,NA,NA,-0.14
1899,8,NA,NA,NA,1018,NA,NA,0.32
1899,9,NA,NA,NA,1013.85,NA,NA,0.35
1899,10,NA,NA,NA,1014.54,NA,NA,-0.37
1899,11,NA,NA,NA,1002.74,NA,NA,0.3
1899,12,NA,NA,NA,1007.37,NA,NA,0.32
1900,1,NA,NA,NA,1006.55,NA,NA,0.81
1900,2,NA,NA,NA,1006.33,NA,NA,0.2
1900,3,NA,NA,NA,1005.12,NA,NA,0.61
1900,4,NA,NA,NA,1013.07,NA,NA,1.85
1900,5,NA,NA,NA,1012.47,NA,NA,1.49
1900,6,NA,NA,NA,1012.52,NA,NA,1.23
1900,7,NA,NA,NA,1015.89,NA,NA,1.07
1900,8,NA,NA,NA,1016.46,NA,NA,1.15
1900,9,NA,NA,NA,1014.93,NA,NA,-0.4
1900,10,NA,NA,NA,1013.85,NA,NA,0.08
1900,11,NA,NA,NA,1012.12,NA,NA,0.57
1900,12,NA,NA,NA,1004.3,NA,NA,1.02
1901,1,NA,NA,NA,1008.91,NA,NA,1.13
1901,2,NA,NA,NA,1012.12,NA,NA,0.65
1901,3,NA,NA,NA,1012.53,NA,NA,-0.33
1901,4,NA,NA,NA,1021.25,NA,NA,-0.45
1901,5,NA,NA,NA,1016.54,NA,NA,-0.99
1901,6,NA,NA,NA,1014.46,NA,NA,-0.84
1901,7,NA,NA,NA,1016.52,NA,NA,-1.33
1901,8,NA,NA,NA,1016.67,NA,NA,-0.73
1901,9,NA,NA,NA,1013.49,NA,NA,-0.07
1901,10,NA,NA,NA,1011.77,NA,NA,0.25
1901,11,NA,NA,NA,1010.29,NA,NA,-0.08
1901,12,NA,NA,NA,1009.09,NA,NA,0.56
1902,1,NA,NA,NA,1006.04,NA,NA,1.37
1902,2,NA,NA,NA,1005.07,NA,NA,0.53
1902,3,NA,NA,NA,1016.9,NA,NA,0.4
1902,4,NA,NA,NA,1015.07,NA,NA,0.64
1902,5,NA,NA,NA,1015.47,NA,NA,1.36
1902,6,NA,NA,NA,1013.89,NA,NA,2.33
1902,7,NA,NA,NA,1016.82,NA,NA,3.04
1902,8,NA,NA,NA,1015.77,NA,NA,1.81
1902,9,NA,NA,NA,1015.33,NA,NA,0.89
1902,10,NA,NA,NA,1013.1,NA,NA,1.11
1902,11,NA,NA,NA,1012.14,NA,NA,0.74
1902,12,NA,NA,NA,1015.58,NA,NA,0.44
1903,1,NA,NA,NA,1010.16,NA,NA,-0.04
1903,2,NA,NA,NA,1011.61,NA,NA,0.1
1903,3,NA,NA,NA,1018.05,NA,NA,-0.19
1903,4,NA,NA,NA,1019.06,NA,NA,-1.08
1903,5,NA,NA,NA,1015.04,NA,NA,-0.37
1903,6,NA,NA,NA,1012.91,NA,NA,0.04
1903,7,NA,NA,NA,1018.3,NA,NA,1.49
1903,8,NA,NA,NA,1016.39,NA,NA,1.35
1903,9,NA,NA,NA,1015.78,NA,NA,0.54
1903,10,NA,NA,NA,1014.1,NA,NA,0.72
1903,11,NA,NA,NA,1010.62,NA,NA,0.22
1903,12,NA,NA,NA,1009.16,NA,NA,0.6
1904,1,NA,NA,NA,1011.89,NA,NA,1.41
1904,2,NA,NA,NA,1016.92,NA,NA,0.54
1904,3,NA,NA,NA,1016.95,NA,NA,0.72
1904,4,NA,NA,NA,1015.71,NA,NA,0.07
1904,5,NA,NA,NA,1014.72,NA,NA,0.47
1904,6,NA,NA,NA,1017.42,NA,NA,-0.07
1904,7,NA,NA,NA,1016.72,NA,NA,0.05
1904,8,NA,NA,NA,1018.97,NA,NA,1.64
1904,9,NA,NA,NA,1016.21,NA,NA,2.24
1904,10,NA,NA,NA,1014.45,NA,NA,1.8
1904,11,NA,NA,NA,1009.51,NA,NA,1.93
1904,12,NA,NA,NA,1009.58,NA,NA,3.12
1905,1,NA,NA,NA,1008.95,NA,NA,2.75
1905,2,NA,NA,NA,1005.8,NA,NA,1.71
1905,3,NA,NA,NA,1008.58,NA,NA,1.04
1905,4,NA,NA,NA,1011.08,NA,NA,2.05
1905,5,NA,NA,NA,1016.09,NA,NA,1.31
1905,6,NA,NA,NA,1016.65,NA,NA,1.56
1905,7,NA,NA,NA,1017.87,NA,NA,2.31
1905,8,NA,NA,NA,1015.35,NA,NA,2.41
1905,9,NA,NA,NA,1015.71,NA,NA,2.1
1905,10,NA,NA,NA,1015.1,NA,NA,-0.41
1905,11,NA,NA,NA,1009.13,NA,NA,0.74
1905,12,NA,NA,NA,1007.62,NA,NA,-0.98
1906,1,NA,NA,NA,1013.69,NA,NA,1.36
1906,2,NA,NA,NA,1008.5,NA,NA,1.26
1906,3,NA,NA,NA,1012.52,NA,NA,0.5
1906,4,NA,NA,NA,1013.04,NA,NA,0.43
1906,5,NA,NA,NA,1016.04,NA,NA,1.45
1906,6,NA,NA,NA,1013.99,NA,NA,0.93
1906,7,NA,NA,NA,1017.32,NA,NA,1.35
1906,8,NA,NA,NA,1013.11,NA,NA,0.94
1906,9,NA,NA,NA,1014.6,NA,NA,0.11
1906,10,NA,NA,NA,1010.59,NA,NA,0.94
1906,11,NA,NA,NA,1011.79,NA,NA,0.89
1906,12,NA,NA,NA,1014.44,NA,NA,-0.43
1907,1,NA,NA,NA,1014.62,NA,NA,-0.68
1907,2,NA,NA,NA,1010.34,NA,NA,-0.36
1907,3,NA,NA,NA,1019.52,NA,NA,-1.88
1907,4,NA,NA,NA,1015.73,NA,NA,-1.58
1907,5,NA,NA,NA,1014.25,NA,NA,0.23
1907,6,NA,NA,NA,1015.05,NA,NA,0.96
1907,7,NA,NA,NA,1017.1,NA,NA,0.59
1907,8,NA,NA,NA,1017.85,NA,NA,-0.31
1907,9,NA,NA,NA,1016.85,NA,NA,0.78
1907,10,NA,NA,NA,1013.96,NA,NA,1.84
1907,11,NA,NA,NA,1012.34,NA,NA,1.77
1907,12,NA,NA,NA,1007.07,NA,NA,1.94
1908,1,NA,NA,NA,1008.57,NA,NA,1.72
1908,2,NA,NA,NA,1011.72,NA,NA,1.67
1908,3,NA,NA,NA,1019.41,NA,NA,0.51
1908,4,NA,NA,NA,1015.93,NA,NA,-0.08
1908,5,NA,NA,NA,1015.19,NA,NA,0.16
1908,6,NA,NA,NA,1016.37,NA,NA,0.21
1908,7,NA,NA,NA,1016.26,NA,NA,0.42
1908,8,NA,NA,NA,1017.35,NA,NA,-0.72
1908,9,NA,NA,NA,1015.61,NA,NA,0.71
1908,10,NA,NA,NA,1011.76,NA,NA,0.94
1908,11,NA,NA,NA,1006.5,NA,NA,1.88
1908,12,NA,NA,NA,1007.41,NA,NA,1.34
1909,1,NA,NA,NA,1014.26,NA,NA,0.69
1909,2,NA,NA,NA,1010,NA,NA,0.86
1909,3,NA,NA,NA,1014.81,NA,NA,0.93
1909,4,NA,NA,NA,1018.53,NA,NA,0.28
1909,5,NA,NA,NA,1015.15,NA,NA,-0.17
1909,6,NA,NA,NA,1015.72,NA,NA,-0.65
1909,7,NA,NA,NA,1017.3,NA,NA,-1.39
1909,8,NA,NA,NA,1016.26,NA,NA,-2.3
1909,9,NA,NA,NA,1014.87,NA,NA,-1.97
1909,10,NA,NA,NA,1011.63,NA,NA,-1.25
1909,11,NA,NA,NA,1014.64,NA,NA,-1.36
1909,12,NA,NA,NA,1012.98,NA,NA,-2.21
1910,1,NA,NA,NA,1015.62,NA,NA,-1.71
1910,2,NA,NA,NA,1007.92,NA,NA,-1.23
1910,3,NA,NA,NA,1008.26,NA,NA,-0.9
1910,4,NA,NA,NA,1014.18,NA,NA,-1.97
1910,5,NA,NA,NA,1013.07,NA,NA,-2.33
1910,6,NA,NA,NA,1016.19,NA,NA,-0.35
1910,7,NA,NA,NA,1017.95,NA,NA,-0.08
1910,8,NA,NA,NA,1018.61,NA,NA,-0.73
1910,9,NA,NA,NA,1015.23,NA,NA,0.73
1910,10,NA,NA,NA,1012.85,NA,NA,-0.96
1910,11,NA,NA,NA,1011.02,NA,NA,-0.59
1910,12,NA,NA,NA,1008.62,NA,NA,0.39
1911,1,NA,NA,NA,1018.42,NA,NA,-0.3
1911,2,NA,NA,NA,1010.93,NA,NA,-1.21
1911,3,NA,NA,NA,1014.92,NA,NA,-1.26
1911,4,NA,NA,NA,1016.89,NA,NA,-0.56
1911,5,NA,NA,NA,1014.8,NA,NA,-0.71
1911,6,NA,NA,NA,1014.02,NA,NA,-1.51
1911,7,NA,NA,NA,1018.19,NA,NA,-0.38
1911,8,NA,NA,NA,1019.83,NA,NA,0.08
1911,9,NA,NA,NA,1016.15,NA,NA,-0.26
1911,10,NA,NA,NA,1010.31,NA,NA,-0.12
1911,11,NA,NA,NA,1011.31,NA,NA,-0.38
1911,12,NA,NA,NA,1009.8,NA,NA,-0.97
1912,1,NA,NA,NA,1004.72,NA,NA,-0.21
1912,2,NA,NA,NA,1005.28,NA,NA,-0.02
1912,3,NA,NA,NA,1016.07,NA,NA,-0.44
1912,4,NA,NA,NA,1012.79,NA,NA,-0.51
1912,5,NA,NA,NA,1013.67,NA,NA,-0.04
1912,6,NA,NA,NA,1015.26,NA,NA,0.45
1912,7,NA,NA,NA,1017.28,NA,NA,0.26
1912,8,NA,NA,NA,1015.08,NA,NA,0.34
1912,9,NA,NA,NA,1013.29,NA,NA,1.23
1912,10,NA,NA,NA,1013.82,NA,NA,0.82
1912,11,NA,NA,NA,1008.46,NA,NA,0.05
1912,12,NA,NA,NA,1008.65,NA,NA,0.06
1913,1,NA,NA,NA,1010.44,NA,NA,-0.25
1913,2,NA,NA,NA,1009.02,NA,NA,0.11
1913,3,NA,NA,NA,1010.49,NA,NA,-0.23
1913,4,NA,NA,NA,1015.22,NA,NA,-0.85
1913,5,NA,NA,NA,1013.81,NA,NA,0.1
1913,6,NA,NA,NA,1013.16,NA,NA,0.32
1913,7,NA,NA,NA,1019,NA,NA,0.9
1913,8,NA,NA,NA,1016.95,NA,NA,1.12
1913,9,NA,NA,NA,1013.59,NA,NA,0.76
1913,10,NA,NA,NA,1013.38,NA,NA,0.4
1913,11,NA,NA,NA,1012.04,NA,NA,0.44
1913,12,NA,NA,NA,1003.56,NA,NA,0.11
1914,1,NA,NA,NA,1008.9,NA,NA,-0.28
1914,2,NA,NA,NA,1004.07,NA,NA,-0.3
1914,3,NA,NA,NA,1016.78,NA,NA,0.04
1914,4,NA,NA,NA,1013.64,NA,NA,0.82
1914,5,NA,NA,NA,1016.9,NA,NA,0.47
1914,6,NA,NA,NA,1014.86,NA,NA,-0.83
1914,7,NA,NA,NA,1016.51,NA,NA,-1.01
1914,8,NA,NA,NA,1016.62,NA,NA,-0.97
1914,9,NA,NA,NA,1016.84,NA,NA,-1.17
1914,10,NA,NA,NA,1009.93,NA,NA,-0.74
1914,11,NA,NA,NA,1011.64,NA,NA,-0.35
1914,12,NA,NA,NA,1011.18,NA,NA,-0.07
1915,1,NA,NA,NA,1010.08,NA,NA,-0.42
1915,2,NA,NA,NA,1011.39,NA,NA,-0.53
1915,3,NA,NA,NA,1007.98,NA,NA,0.35
1915,4,NA,NA,NA,1011.03,NA,NA,1.26
1915,5,NA,NA,NA,1012.47,NA,NA,1.54
1915,6,NA,NA,NA,1019.38,NA,NA,1.53
1915,7,NA,NA,NA,1019.29,NA,NA,1.24
1915,8,NA,NA,NA,1016.2,NA,NA,0.5
1915,9,NA,NA,NA,1015.11,NA,NA,-0.08
1915,10,NA,NA,NA,1014.24,NA,NA,-1.51
1915,11,NA,NA,NA,1012.38,NA,NA,-1.45
1915,12,NA,NA,NA,1010.61,NA,NA,-0.82
1916,1,NA,NA,NA,1018,NA,NA,-1.56
1916,2,NA,NA,NA,1010.88,NA,NA,-1.55
1916,3,NA,NA,NA,1012.31,NA,NA,-1.3
1916,4,NA,NA,NA,1014.57,NA,NA,-0.59
1916,5,NA,NA,NA,1018.19,NA,NA,-0.49
1916,6,NA,NA,NA,1016.52,NA,NA,-1.69
1916,7,NA,NA,NA,1018.17,NA,NA,-1.68
1916,8,NA,NA,NA,1016.14,NA,NA,-2.24
1916,9,NA,NA,NA,1015.87,NA,NA,-2.05
1916,10,NA,NA,NA,1016.61,NA,NA,-1.82
1916,11,NA,NA,NA,1015.01,NA,NA,-2.48
1916,12,NA,NA,NA,1008.18,NA,NA,-2.44
1917,1,NA,NA,NA,1012.96,NA,NA,-1.71
1917,2,NA,NA,NA,1007.88,NA,NA,-1.73
1917,3,NA,NA,NA,1016.75,NA,NA,-1.94
1917,4,NA,NA,NA,1015.02,NA,NA,-1.78
1917,5,NA,NA,NA,1015.42,NA,NA,-1.19
1917,6,NA,NA,NA,1018.13,NA,NA,-1.06
1917,7,NA,NA,NA,1020.13,NA,NA,-0.9
1917,8,NA,NA,NA,1016.85,NA,NA,-0.75
1917,9,NA,NA,NA,1015.91,NA,NA,-1.15
1917,10,NA,NA,NA,1015.12,NA,NA,-1.42
1917,11,NA,NA,NA,1011.36,NA,NA,-0.74
1917,12,NA,NA,NA,1006.8,NA,NA,-0.52
1918,1,NA,NA,NA,1005.11,NA,NA,0.42
1918,2,NA,NA,NA,1011.27,NA,NA,-0.13
1918,3,NA,NA,NA,1016.98,NA,NA,-0.94
1918,4,NA,NA,NA,1016.9,NA,NA,-0.85
1918,5,NA,NA,NA,1017.2,NA,NA,-1.07
1918,6,NA,NA,NA,1015.71,NA,NA,-0.57
1918,7,NA,NA,NA,1015.45,NA,NA,-0
1918,8,NA,NA,NA,1017.21,NA,NA,0.22
1918,9,NA,NA,NA,1014.1,NA,NA,0.41
1918,10,NA,NA,NA,1012.22,NA,NA,1.31
1918,11,NA,NA,NA,1010.73,NA,NA,1.33
1918,12,NA,NA,NA,1008.1,NA,NA,0.55
1919,1,NA,NA,NA,1007.94,NA,NA,0.47
1919,2,NA,NA,NA,1004.96,NA,NA,-0.05
1919,3,NA,NA,NA,1011.09,NA,NA,-0.64
1919,4,NA,NA,NA,1012.03,NA,NA,-0.63
1919,5,NA,NA,NA,1012.21,NA,NA,-1.05
1919,6,NA,NA,NA,1016.81,NA,NA,-1.53
1919,7,NA,NA,NA,1020.24,NA,NA,-1.87
1919,8,NA,NA,NA,1016.89,NA,NA,-0.92
1919,9,NA,NA,NA,1015.5,NA,NA,-0.31
1919,10,NA,NA,NA,1016.19,NA,NA,-0.6
1919,11,NA,NA,NA,1013.32,NA,NA,-0.77
1919,12,NA,NA,NA,1007.56,NA,NA,-0.39
1920,1,NA,NA,NA,1012.04,NA,NA,-1.08
1920,2,NA,NA,NA,1010.65,NA,NA,-0.77
1920,3,NA,NA,NA,1016.32,NA,NA,-0.9
1920,4,NA,NA,NA,1017.75,NA,NA,-1.33
1920,5,NA,NA,NA,1017.16,NA,NA,-1.24
1920,6,NA,NA,NA,1013.93,NA,NA,-1.28
1920,7,NA,NA,NA,1016.53,NA,NA,-1.59
1920,8,NA,NA,NA,1015.97,NA,NA,-2.26
1920,9,NA,NA,NA,1014.17,NA,NA,-2.19
1920,10,NA,NA,NA,1012.28,NA,NA,-1.79
1920,11,NA,NA,NA,1011.53,NA,NA,-0.8
1920,12,NA,NA,NA,1007.81,NA,NA,-0.69
1921,1,NA,NA,NA,1012.33,NA,NA,-1.09
1921,2,NA,NA,NA,1003.84,NA,NA,-1.55
1921,3,NA,NA,NA,1013.58,NA,NA,-0.85
1921,4,NA,NA,NA,1017.07,NA,NA,-1.63
1921,5,NA,NA,NA,1016.21,NA,NA,-1.5
1921,6,NA,NA,NA,1012.14,NA,NA,-1.05
1921,7,NA,NA,NA,1020.49,NA,NA,-1.58
1921,8,NA,NA,NA,1016.52,NA,NA,-2.01
1921,9,NA,NA,NA,1015.52,NA,NA,-1.5
1921,10,NA,NA,NA,1013.55,NA,NA,-1.58
1921,11,NA,NA,NA,1007.44,NA,NA,-0.81
1921,12,NA,NA,NA,1010.64,NA,NA,0
1922,1,NA,NA,NA,1009.16,NA,NA,0.07
1922,2,NA,NA,NA,1016.38,NA,NA,-1.26
1922,3,NA,NA,NA,1011.4,NA,NA,-1.63
1922,4,NA,NA,NA,1016.94,NA,NA,-1.81
1922,5,NA,NA,NA,1015.21,NA,NA,-1.89
1922,6,NA,NA,NA,1016.74,NA,NA,-1.27
1922,7,NA,NA,NA,1021.53,NA,NA,-0.74
1922,8,NA,NA,NA,1016.5,NA,NA,-0.56
1922,9,NA,NA,NA,1016.95,NA,NA,-0.49
1922,10,NA,NA,NA,1012.33,NA,NA,-0.27
1922,11,NA,NA,NA,1011.77,NA,NA,-0.74
1922,12,NA,NA,NA,1003.33,NA,NA,0.46
1923,1,NA,NA,NA,1012.4,NA,NA,0.24
1923,2,NA,NA,NA,1011.43,NA,NA,-0.75
1923,3,NA,NA,NA,1015.39,NA,NA,-1.01
1923,4,NA,NA,NA,1012.25,NA,NA,-0.51
1923,5,NA,NA,NA,1015.77,NA,NA,0.18
1923,6,NA,NA,NA,1013.97,NA,NA,-0.98
1923,7,NA,NA,NA,1018.03,NA,NA,0.6
1923,8,NA,NA,NA,1015.45,NA,NA,0.21
1923,9,NA,NA,NA,1014.86,NA,NA,-0.25
1923,10,NA,NA,NA,1009.05,NA,NA,0.26
1923,11,NA,NA,NA,1007.84,NA,NA,-0.26
1923,12,NA,NA,NA,1010.94,NA,NA,-0.22
1924,1,NA,NA,NA,1005.62,NA,NA,-0.7
1924,2,NA,NA,NA,1006.28,NA,NA,-0.67
1924,3,NA,NA,NA,1011.54,NA,NA,-0.47
1924,4,NA,NA,NA,1017.68,NA,NA,-1.23
1924,5,NA,NA,NA,1014.01,NA,NA,-0.53
1924,6,NA,NA,NA,1016.52,NA,NA,-0.39
1924,7,NA,NA,NA,1017.72,NA,NA,-1.01
1924,8,NA,NA,NA,1016.52,NA,NA,-1.41
1924,9,NA,NA,NA,1012.97,NA,NA,-1.73
1924,10,NA,NA,NA,1014.58,NA,NA,-2.13
1924,11,NA,NA,NA,1008.08,NA,NA,-1.4
1924,12,NA,NA,NA,1007.92,NA,NA,-0.27
1925,1,NA,NA,NA,1009.44,NA,NA,-0.93
1925,2,NA,NA,NA,1004.8,NA,NA,-0.62
1925,3,NA,NA,NA,1011.41,NA,NA,-0.65
1925,4,NA,NA,NA,1016.09,NA,NA,-1.14
1925,5,NA,NA,NA,1011.9,NA,NA,-0.51
1925,6,NA,NA,NA,1015.74,NA,NA,-1.03
1925,7,NA,NA,NA,1017.46,NA,NA,-0.69
1925,8,NA,NA,NA,1018.49,NA,NA,-0.72
1925,9,NA,NA,NA,1014.92,NA,NA,0.09
1925,10,NA,NA,NA,1009.71,NA,NA,0.26
1925,11,NA,NA,NA,1009.88,NA,NA,0.94
1925,12,NA,NA,NA,1005.47,NA,NA,0.72
1926,1,NA,NA,NA,1001.45,NA,NA,1.12
1926,2,NA,NA,NA,1002.77,NA,NA,1.26
1926,3,NA,NA,NA,1006.15,NA,NA,1.23
1926,4,NA,NA,NA,1008.82,NA,NA,1.81
1926,5,NA,NA,NA,1012.9,NA,NA,2.29
1926,6,NA,NA,NA,1013.67,NA,NA,1.63
1926,7,NA,NA,NA,1017.55,NA,NA,2.14
1926,8,NA,NA,NA,1015.44,NA,NA,1.7
1926,9,NA,NA,NA,1014.83,NA,NA,1.62
1926,10,NA,NA,NA,1008.03,NA,NA,1.79
1926,11,NA,NA,NA,1006.36,NA,NA,2.55
1926,12,NA,NA,NA,1008.89,NA,NA,2.11
1927,1,NA,NA,NA,1009.2,NA,NA,0.91
1927,2,NA,NA,NA,1000.33,NA,NA,1.33
1927,3,NA,NA,NA,1015.04,NA,NA,0.89
1927,4,NA,NA,NA,1018.08,NA,NA,-0.03
1927,5,NA,NA,NA,1017.48,NA,NA,-0.12
1927,6,NA,NA,NA,1013.29,NA,NA,0.56
1927,7,NA,NA,NA,1019.37,NA,NA,-0.28
1927,8,NA,NA,NA,1015.67,NA,NA,-0.76
1927,9,NA,NA,NA,1011.79,NA,NA,0.03
1927,10,NA,NA,NA,1012.41,NA,NA,-0.63
1927,11,NA,NA,NA,1011.19,NA,NA,-0.24
1927,12,NA,NA,NA,1010.47,NA,NA,-0.08
1928,1,NA,NA,NA,1005.77,NA,NA,0.45
1928,2,NA,NA,NA,1005.61,NA,NA,0.75
1928,3,NA,NA,NA,1009.55,NA,NA,0.88
1928,4,NA,NA,NA,1013.48,NA,NA,0.42
1928,5,NA,NA,NA,1013.86,NA,NA,0.48
1928,6,NA,NA,NA,1014.99,NA,NA,0.96
1928,7,NA,NA,NA,1017.25,NA,NA,-0.68
1928,8,NA,NA,NA,1017.25,NA,NA,-0.86
1928,9,NA,NA,NA,1016.01,NA,NA,-1.79
1928,10,NA,NA,NA,1012.39,NA,NA,-1.05
1928,11,NA,NA,NA,1006.94,NA,NA,0.09
1928,12,NA,NA,NA,1004.12,NA,NA,0.6
1929,1,NA,NA,NA,1005.46,NA,NA,0.83
1929,2,NA,NA,NA,1007.24,NA,NA,0.24
1929,3,NA,NA,NA,1014.58,NA,NA,0.04
1929,4,NA,NA,NA,1014.6,NA,NA,0.23
1929,5,NA,NA,NA,1013.53,NA,NA,0.48
1929,6,NA,NA,NA,1013.14,NA,NA,0.6
1929,7,NA,NA,NA,1017.89,NA,NA,0.03
1929,8,NA,NA,NA,1015.97,NA,NA,-0.12
1929,9,NA,NA,NA,1012.14,NA,NA,1.01
1929,10,NA,NA,NA,1009.38,NA,NA,1.02
1929,11,NA,NA,NA,1011.63,NA,NA,0.64
1929,12,NA,NA,NA,1011.01,NA,NA,1.55
1930,1,NA,NA,NA,1008.45,NA,NA,1.29
1930,2,NA,NA,NA,1006.7,NA,NA,0.77
1930,3,NA,NA,NA,1016.88,NA,NA,0.3
1930,4,NA,NA,NA,1012.96,NA,NA,0.19
1930,5,NA,NA,NA,1013.92,NA,NA,0.1
1930,6,NA,NA,NA,1014.62,NA,NA,0.02
1930,7,NA,NA,NA,1017.19,NA,NA,-0
1930,8,NA,NA,NA,1017.62,NA,NA,-0.2
1930,9,NA,NA,NA,1016.23,NA,NA,0.33
1930,10,NA,NA,NA,1011.17,NA,NA,0.01
1930,11,NA,NA,NA,1012.19,NA,NA,-0.02
1930,12,NA,NA,NA,1003.98,NA,NA,0.84
1931,1,NA,NA,NA,998.66,NA,NA,1.25
1931,2,NA,NA,NA,1006.42,NA,NA,1.18
1931,3,NA,NA,NA,1009.84,NA,NA,1.14
1931,4,NA,NA,NA,1013.43,NA,NA,1.61
1931,5,NA,NA,NA,1014.1,NA,NA,2
1931,6,NA,NA,NA,1013.74,NA,NA,1.76
1931,7,NA,NA,NA,1016.76,NA,NA,2.08
1931,8,NA,NA,NA,1016.54,NA,NA,0.74
1931,9,NA,NA,NA,1016.21,NA,NA,0.85
1931,10,NA,NA,NA,1013.24,NA,NA,0.09
1931,11,NA,NA,NA,1012.69,NA,NA,-0.21
1931,12,NA,NA,NA,1012.08,NA,NA,-0.84
1932,1,NA,NA,NA,1012.54,NA,NA,-1.22
1932,2,NA,NA,NA,1012.29,NA,NA,-1.63
1932,3,NA,NA,NA,1006.16,NA,NA,-0.65
1932,4,NA,NA,NA,1011.86,NA,NA,0.49
1932,5,NA,NA,NA,1014.48,NA,NA,-0.03
1932,6,NA,NA,NA,1015.54,NA,NA,-0.15
1932,7,NA,NA,NA,1017.86,NA,NA,-0.23
1932,8,NA,NA,NA,1017.36,NA,NA,-0.29
1932,9,NA,NA,NA,1015.11,NA,NA,-1.14
1932,10,NA,NA,NA,1011.99,NA,NA,-0.02
1932,11,NA,NA,NA,1012.02,NA,NA,-0.32
1932,12,NA,NA,NA,1006.37,NA,NA,0.16
1933,1,NA,NA,NA,1012.46,NA,NA,-0.7
1933,2,NA,NA,NA,1011.25,NA,NA,-1.08
1933,3,NA,NA,NA,1011.16,NA,NA,-1.05
1933,4,NA,NA,NA,1014.92,NA,NA,-0.84
1933,5,NA,NA,NA,1016.13,NA,NA,-1.83
1933,6,NA,NA,NA,1015.67,NA,NA,-2.36
1933,7,NA,NA,NA,1019.07,NA,NA,-3.32
1933,8,NA,NA,NA,1015.68,NA,NA,-2.92
1933,9,NA,NA,NA,1014.27,NA,NA,-2.97
1933,10,NA,NA,NA,1011.86,NA,NA,-1.83
1933,11,NA,NA,NA,1012.46,NA,NA,-0.49
1933,12,NA,NA,NA,1009.78,NA,NA,-0.66
1934,1,NA,NA,NA,1004.68,NA,NA,-0.41
1934,2,NA,NA,NA,998.63,NA,NA,0.1
1934,3,NA,NA,NA,1007.76,NA,NA,0.88
1934,4,NA,NA,NA,1013.34,NA,NA,1.26
1934,5,NA,NA,NA,1014.12,NA,NA,0.79
1934,6,NA,NA,NA,1016.08,NA,NA,-0.27
1934,7,NA,NA,NA,1019.28,NA,NA,0.18
1934,8,NA,NA,NA,1017.7,NA,NA,1.23
1934,9,NA,NA,NA,1013.33,NA,NA,1.13
1934,10,NA,NA,NA,1012.07,NA,NA,1.91
1934,11,NA,NA,NA,1009.17,NA,NA,1.64
1934,12,NA,NA,NA,1008.02,NA,NA,1.51
1935,1,NA,NA,NA,1005.87,NA,NA,0.72
1935,2,NA,NA,NA,1008.24,NA,NA,0.11
1935,3,NA,NA,NA,1013.23,NA,NA,-0.26
1935,4,NA,NA,NA,1015.84,NA,NA,0.1
1935,5,NA,NA,NA,1014.58,NA,NA,0.73
1935,6,NA,NA,NA,1013.54,NA,NA,1.23
1935,7,NA,NA,NA,1017.95,NA,NA,0.62
1935,8,NA,NA,NA,1018.09,NA,NA,0.35
1935,9,NA,NA,NA,1013.6,NA,NA,0.42
1935,10,NA,NA,NA,1015.91,NA,NA,0.4
1935,11,NA,NA,NA,1013.48,NA,NA,0.23
1935,12,NA,NA,NA,1001.35,NA,NA,1.53
1936,1,NA,NA,NA,1003.24,NA,NA,2.17
1936,2,NA,NA,NA,1004.93,NA,NA,1.6
1936,3,NA,NA,NA,1014.53,NA,NA,1.19
1936,4,NA,NA,NA,1013.09,NA,NA,1.19
1936,5,NA,NA,NA,1012.8,NA,NA,1.64
1936,6,NA,NA,NA,1014.19,NA,NA,2.24
1936,7,NA,NA,NA,1017.75,NA,NA,2.79
1936,8,NA,NA,NA,1017.68,NA,NA,1.95
1936,9,NA,NA,NA,1015.22,NA,NA,0.98
1936,10,NA,NA,NA,1009.59,NA,NA,2.15
1936,11,NA,NA,NA,1010.39,NA,NA,2.83
1936,12,NA,NA,NA,1012.22,NA,NA,1.52
1937,1,NA,NA,NA,1017.39,NA,NA,0.06
1937,2,NA,NA,NA,1013.42,NA,NA,-0.45
1937,3,NA,NA,NA,1011.17,NA,NA,-0.28
1937,4,NA,NA,NA,1015.37,NA,NA,-0.69
1937,5,NA,NA,NA,1012.44,NA,NA,-0.39
1937,6,NA,NA,NA,1012.53,NA,NA,1.16
1937,7,NA,NA,NA,1017.36,NA,NA,-0.32
1937,8,NA,NA,NA,1018.11,NA,NA,-0.98
1937,9,NA,NA,NA,1015.61,NA,NA,0.01
1937,10,NA,NA,NA,1008.5,NA,NA,0.52
1937,11,NA,NA,NA,1011.19,NA,NA,0.97
1937,12,NA,NA,NA,1006.82,NA,NA,1.06
1938,1,NA,NA,NA,1008.4,NA,NA,1.53
1938,2,NA,NA,NA,1007.19,NA,NA,0.28
1938,3,NA,NA,NA,1011.08,NA,NA,-0.45
1938,4,NA,NA,NA,1009.93,NA,NA,-0.22
1938,5,NA,NA,NA,1014.12,NA,NA,-0.59
1938,6,NA,NA,NA,1014.19,NA,NA,-0.62
1938,7,NA,NA,NA,1018.74,NA,NA,-0.63
1938,8,NA,NA,NA,1019.37,NA,NA,-0.57
1938,9,NA,NA,NA,1013.09,NA,NA,-0.26
1938,10,NA,NA,NA,1008.72,NA,NA,0.78
1938,11,NA,NA,NA,1011.69,NA,NA,0.04
1938,12,NA,NA,NA,1005.24,NA,NA,1.14
1939,1,NA,NA,NA,1007.56,NA,NA,1.17
1939,2,NA,NA,NA,1008.79,NA,NA,-0.1
1939,3,NA,NA,NA,1013.67,NA,NA,-0.63
1939,4,NA,NA,NA,1015.32,NA,NA,0.03
1939,5,NA,NA,NA,1015.39,NA,NA,0.12
1939,6,NA,NA,NA,1016.32,NA,NA,-0.07
1939,7,NA,NA,NA,1017.13,NA,NA,-1.1
1939,8,NA,NA,NA,1016.18,NA,NA,-1.31
1939,9,NA,NA,NA,1014.86,NA,NA,-1.54
1939,10,NA,NA,NA,1013.89,NA,NA,-1.49
1939,11,NA,NA,NA,1010.04,NA,NA,-0.9
1939,12,NA,NA,NA,1000.95,NA,NA,1.44
1940,1,NA,NA,NA,998.68,NA,NA,1.82
1940,2,NA,NA,NA,1001.72,NA,NA,1.55
1940,3,NA,NA,NA,1007.03,NA,NA,1.87
1940,4,NA,NA,NA,1008.64,NA,NA,2.06
1940,5,NA,NA,NA,1014.86,NA,NA,1.76
1940,6,NA,NA,NA,1014.73,NA,NA,2.07
1940,7,NA,NA,NA,1016.19,NA,NA,1.82
1940,8,NA,NA,NA,1016.28,NA,NA,1.31
1940,9,NA,NA,NA,1012.8,NA,NA,1.09
1940,10,NA,NA,NA,1010.68,NA,NA,1.28
1940,11,NA,NA,NA,1010.7,NA,NA,1.55
1940,12,NA,NA,NA,1003.13,NA,NA,2.68
1941,1,NA,NA,NA,1001.01,NA,NA,2.67
1941,2,NA,NA,NA,1002.41,NA,NA,2.86
1941,3,NA,NA,NA,1009.52,NA,NA,2.43
1941,4,NA,NA,NA,1010.07,NA,NA,2.31
1941,5,NA,NA,NA,1015.56,NA,NA,2.07
1941,6,NA,NA,NA,1012.68,NA,NA,2.83
1941,7,NA,NA,NA,1016.02,NA,NA,3.01
1941,8,NA,NA,NA,1015.94,NA,NA,3.22
1941,9,NA,NA,NA,1014.02,NA,NA,2.04
1941,10,NA,NA,NA,1013.18,NA,NA,1.14
1941,11,NA,NA,NA,1012.24,NA,NA,1.51
1941,12,NA,NA,NA,1006.84,NA,NA,2.21
1942,1,NA,NA,NA,1001.25,NA,NA,2.48
1942,2,NA,NA,NA,1006.46,NA,NA,1.96
1942,3,NA,NA,NA,1013.71,NA,NA,1.11
1942,4,NA,NA,NA,1011.89,NA,NA,0.97
1942,5,NA,NA,NA,1014.66,NA,NA,0.53
1942,6,NA,NA,NA,1015,NA,NA,0.77
1942,7,NA,NA,NA,1016.54,NA,NA,0.58
1942,8,NA,NA,NA,1014.72,NA,NA,0.6
1942,9,NA,NA,NA,1013.45,NA,NA,0.37
1942,10,NA,NA,NA,1013.35,NA,NA,0.23
1942,11,NA,NA,NA,1015.46,NA,NA,-0.13
1942,12,NA,NA,NA,1012.28,NA,NA,-0.93
1943,1,NA,NA,NA,1007.83,NA,NA,-1.62
1943,2,NA,NA,NA,1010.27,NA,NA,-0.7
1943,3,NA,NA,NA,1015.82,NA,NA,0.32
1943,4,NA,NA,NA,1010.19,NA,NA,1.28
1943,5,NA,NA,NA,1015.22,NA,NA,0.58
1943,6,NA,NA,NA,1014.95,NA,NA,-0.14
1943,7,NA,NA,NA,1016.41,NA,NA,-0.22
1943,8,NA,NA,NA,1017.17,NA,NA,-1.88
1943,9,NA,NA,NA,1013.9,NA,NA,-1.61
1943,10,NA,NA,NA,1010.64,NA,NA,-1.48
1943,11,NA,NA,NA,1005.96,NA,NA,-0.18
1943,12,NA,NA,NA,1005.97,NA,NA,1.98
1944,1,NA,NA,NA,1001.84,NA,NA,1.58
1944,2,NA,NA,NA,1010.73,NA,NA,0.25
1944,3,NA,NA,NA,1014.5,NA,NA,-0.53
1944,4,NA,NA,NA,1012.33,NA,NA,-0.87
1944,5,NA,NA,NA,1013.95,NA,NA,-1.76
1944,6,NA,NA,NA,1015.23,NA,NA,-2.1
1944,7,NA,NA,NA,1017.61,NA,NA,-1.49
1944,8,NA,NA,NA,1017.8,NA,NA,-1
1944,9,NA,NA,NA,1016.79,NA,NA,-1.94
1944,10,NA,NA,NA,1014.31,NA,NA,-1.5
1944,11,NA,NA,NA,1007.76,NA,NA,-0.81
1944,12,NA,NA,NA,NA,NA,NA,-0.48
1945,1,NA,NA,NA,1000.37,NA,NA,-0.09
1945,2,NA,NA,NA,1005.02,NA,NA,-0.34
1945,3,NA,NA,NA,1011.15,NA,NA,-0.06
1945,4,NA,NA,NA,1018.37,NA,NA,-0.37
1945,5,NA,NA,NA,1012.48,NA,NA,-0.38
1945,6,NA,NA,NA,1016.22,NA,NA,0.16
1945,7,NA,NA,NA,1016.23,NA,NA,0.31
1945,8,NA,NA,NA,1018.61,NA,NA,-0.61
1945,9,NA,NA,NA,1014.54,NA,NA,-0.57
1945,10,NA,NA,NA,1012.88,NA,NA,-0.42
1945,11,NA,NA,NA,1016.1,NA,NA,-1.34
1945,12,NA,NA,NA,1004.14,NA,NA,-1.99
1946,1,NA,NA,NA,1006.72,NA,NA,-1.1
1946,2,NA,NA,NA,1006.27,NA,NA,0.67
1946,3,NA,NA,NA,1013.4,NA,NA,0.73
1946,4,NA,NA,NA,1014.63,NA,NA,0.67
1946,5,NA,NA,NA,1014.3,NA,NA,-0.45
1946,6,NA,NA,NA,1015.64,NA,NA,-0.63
1946,7,NA,NA,NA,1016.54,NA,NA,-0.07
1946,8,NA,NA,NA,1017.14,NA,NA,-0.17
1946,9,NA,NA,NA,1014.32,NA,NA,-0.15
1946,10,NA,NA,NA,1014.2,NA,NA,-1.23
1946,11,NA,NA,NA,1014.62,NA,NA,-1.82
1946,12,NA,NA,NA,1013.31,NA,NA,-1.66
1947,1,NA,NA,NA,1012.8,NA,NA,-0.15
1947,2,NA,NA,NA,1001.92,NA,NA,0.22
1947,3,NA,NA,NA,1010.71,NA,NA,0.31
1947,4,NA,NA,NA,1013.05,NA,NA,0.1
1947,5,NA,NA,NA,1012.09,NA,NA,-0.36
1947,6,NA,NA,NA,1014.45,NA,NA,0.67
1947,7,NA,NA,NA,1016.89,NA,NA,0.78
1947,8,NA,NA,NA,1018.15,NA,NA,0.61
1947,9,NA,NA,NA,1016.64,NA,NA,0.4
1947,10,NA,NA,NA,1010.5,NA,NA,1.39
1947,11,NA,NA,NA,1007.25,NA,NA,0.61
1947,12,NA,NA,NA,1009.65,NA,NA,0.43
1948,1,NA,NA,NA,1009.12,NA,NA,0.27
1948,2,NA,NA,NA,1014,NA,NA,-0.32
1948,3,NA,NA,NA,1016.66,NA,NA,-1.11
1948,4,NA,NA,NA,1020.68,NA,NA,-1.13
1948,5,NA,NA,NA,1016.02,NA,NA,-1.78
1948,6,NA,NA,NA,1015.45,NA,NA,0.01
1948,7,NA,NA,NA,1017.24,NA,NA,-0.1
1948,8,NA,NA,NA,1017.84,NA,NA,-1.07
1948,9,NA,NA,NA,1015.48,NA,NA,-1.07
1948,10,NA,NA,NA,1010.82,NA,NA,-1.74
1948,11,NA,NA,NA,1010.59,NA,NA,-0.92
1948,12,NA,NA,NA,1014.17,NA,NA,-1.85
1949,1,NA,NA,NA,1012,NA,NA,-2.82
1949,2,NA,NA,NA,1010.89,NA,NA,-3.17
1949,3,NA,NA,NA,1006.94,NA,NA,-1.82
1949,4,NA,NA,NA,1013.55,NA,NA,-1.54
1949,5,NA,NA,NA,1015.5,NA,NA,-1.37
1949,6,NA,NA,NA,1016.56,NA,NA,-1.21
1949,7,NA,NA,NA,1018.76,NA,NA,-1.48
1949,8,NA,NA,NA,1017.02,NA,NA,-1.61
1949,9,NA,NA,NA,1013.08,NA,NA,-1.6
1949,10,NA,NA,NA,1012.41,NA,NA,-2.29
1949,11,NA,NA,NA,1008.08,NA,NA,-1.08
1949,12,NA,NA,NA,1010.48,NA,NA,-0.93
1854,1,NA,NA,NA,NA,NA,NA,0.11
1854,2,NA,NA,NA,NA,NA,NA,-0.24
1854,3,NA,NA,NA,NA,NA,NA,-0.4
1854,4,NA,NA,NA,NA,NA,NA,-0.44
1854,5,NA,NA,NA,NA,NA,NA,-0.54
1854,6,NA,NA,NA,NA,NA,NA,-0.3
1854,7,NA,NA,NA,NA,NA,NA,-0.1
1854,8,NA,NA,NA,NA,NA,NA,-1.24
1854,9,NA,NA,NA,NA,NA,NA,-1
1854,10,NA,NA,NA,NA,NA,NA,-2.23
1854,11,NA,NA,NA,NA,NA,NA,-1.68
1854,12,NA,NA,NA,NA,NA,NA,-1.76
1855,1,NA,NA,NA,NA,NA,NA,-0.2
1855,2,NA,NA,NA,NA,NA,NA,-0.39
1855,3,NA,NA,NA,NA,NA,NA,-0.24
1855,4,NA,NA,NA,NA,NA,NA,-0.58
1855,5,NA,NA,NA,NA,NA,NA,-1.34
1855,6,NA,NA,NA,NA,NA,NA,-1.88
1855,7,NA,NA,NA,NA,NA,NA,-1.13
1855,8,NA,NA,NA,NA,NA,NA,-0.48
1855,9,NA,NA,NA,NA,NA,NA,-0.76
1855,10,NA,NA,NA,NA,NA,NA,-0.63
1855,11,NA,NA,NA,NA,NA,NA,-0.41
1855,12,NA,NA,NA,NA,NA,NA,-0.88
1856,1,NA,NA,NA,NA,NA,NA,-0.39
1856,2,NA,NA,NA,NA,NA,NA,0.47
1856,3,NA,NA,NA,NA,NA,NA,0.42
1856,4,NA,NA,NA,NA,NA,NA,-0.96
1856,5,NA,NA,NA,NA,NA,NA,-1.26
1856,6,NA,NA,NA,NA,NA,NA,-2.15
1856,7,NA,NA,NA,NA,NA,NA,-0.69
1856,8,NA,NA,NA,NA,NA,NA,0.63
1856,9,NA,NA,NA,NA,NA,NA,0.58
1856,10,NA,NA,NA,NA,NA,NA,0.59
1856,11,NA,NA,NA,NA,NA,NA,0.23
1856,12,NA,NA,NA,NA,NA,NA,0.04
1857,1,NA,NA,NA,NA,NA,NA,-0.52
1857,2,NA,NA,NA,NA,NA,NA,-1.67
1857,3,NA,NA,NA,NA,NA,NA,-1.05
1857,4,NA,NA,NA,NA,NA,NA,-0.81
1857,5,NA,NA,NA,NA,NA,NA,-0.65
1857,6,NA,NA,NA,NA,NA,NA,1.03
1857,7,NA,NA,NA,NA,NA,NA,1.17
1857,8,NA,NA,NA,NA,NA,NA,0.81
1857,9,NA,NA,NA,NA,NA,NA,0.84
1857,10,NA,NA,NA,NA,NA,NA,0.7
1857,11,NA,NA,NA,NA,NA,NA,0.38
1857,12,NA,NA,NA,NA,NA,NA,-0.55
1858,1,NA,NA,NA,NA,NA,NA,-0.96
1858,2,NA,NA,NA,NA,NA,NA,-1.53
1858,3,NA,NA,NA,NA,NA,NA,-1.76
1858,4,NA,NA,NA,NA,NA,NA,-0.82
1858,5,NA,NA,NA,NA,NA,NA,0.49
1858,6,NA,NA,NA,NA,NA,NA,2.19
1858,7,NA,NA,NA,NA,NA,NA,1.05
1858,8,NA,NA,NA,NA,NA,NA,0.67
1858,9,NA,NA,NA,NA,NA,NA,1.38
1858,10,NA,NA,NA,NA,NA,NA,2.35
1858,11,NA,NA,NA,NA,NA,NA,0.46
1858,12,NA,NA,NA,NA,NA,NA,-1.16
1859,1,NA,NA,NA,NA,NA,NA,-1.22
1859,2,NA,NA,NA,NA,NA,NA,-1.71
1859,3,NA,NA,NA,NA,NA,NA,-2.46
1859,4,NA,NA,NA,NA,NA,NA,-3.65
1859,5,NA,NA,NA,NA,NA,NA,-2.86
1859,6,NA,NA,NA,NA,NA,NA,-1.99
1859,7,NA,NA,NA,NA,NA,NA,-1.01
1859,8,NA,NA,NA,NA,NA,NA,-1.26
1859,9,NA,NA,NA,NA,NA,NA,-1.19
1859,10,NA,NA,NA,NA,NA,NA,-1.31
1859,11,NA,NA,NA,NA,NA,NA,-1.14
1859,12,NA,NA,NA,NA,NA,NA,-1.12
1860,1,NA,NA,NA,NA,NA,NA,-1.31
1860,2,NA,NA,NA,NA,NA,NA,-1.28
1860,3,NA,NA,NA,NA,NA,NA,-1.34
1860,4,NA,NA,NA,NA,NA,NA,-0.77
1860,5,NA,NA,NA,NA,NA,NA,-0.85
1860,6,NA,NA,NA,NA,NA,NA,-1.26
1860,7,NA,NA,NA,NA,NA,NA,-0.27
1860,8,NA,NA,NA,NA,NA,NA,-0.4
1860,9,NA,NA,NA,NA,NA,NA,0.33
1860,10,NA,NA,NA,NA,NA,NA,-1.7
1860,11,NA,NA,NA,NA,NA,NA,-1.18
1860,12,NA,NA,NA,NA,NA,NA,-1.42
1861,1,NA,NA,NA,NA,NA,NA,-0.57
1861,2,NA,NA,NA,NA,NA,NA,-0.84
1861,3,NA,NA,NA,NA,NA,NA,-0.86
1861,4,NA,NA,NA,NA,NA,NA,-0.83
1861,5,NA,NA,NA,NA,NA,NA,-0.37
1861,6,NA,NA,NA,NA,NA,NA,-0.35
1861,7,NA,NA,NA,NA,NA,NA,-0.61
1861,8,NA,NA,NA,NA,NA,NA,-0.8
1861,9,NA,NA,NA,NA,NA,NA,-1.2
1861,10,NA,NA,NA,NA,NA,NA,-1.58
1861,11,NA,NA,NA,NA,NA,NA,-1.8
1861,12,NA,NA,NA,NA,NA,NA,-1.65
1862,1,NA,NA,NA,NA,NA,NA,-0.41
1862,2,NA,NA,NA,NA,NA,NA,-0.13
1862,3,NA,NA,NA,NA,NA,NA,0.16
1862,4,NA,NA,NA,NA,NA,NA,0.07
1862,5,NA,NA,NA,NA,NA,NA,0.09
1862,6,NA,NA,NA,NA,NA,NA,-0.08
1862,7,NA,NA,NA,NA,NA,NA,-0.12
1862,8,NA,NA,NA,NA,NA,NA,-0.2
1862,9,NA,NA,NA,NA,NA,NA,-0.98
1862,10,NA,NA,NA,NA,NA,NA,-0.8
1862,11,NA,NA,NA,NA,NA,NA,-0.39
1862,12,NA,NA,NA,NA,NA,NA,0.07
1863,1,NA,NA,NA,NA,NA,NA,-0.06
1863,2,NA,NA,NA,NA,NA,NA,-0.34
1863,3,NA,NA,NA,NA,NA,NA,-0.37
1863,4,NA,NA,NA,NA,NA,NA,-0.18
1863,5,NA,NA,NA,NA,NA,NA,0.03
1863,6,NA,NA,NA,NA,NA,NA,-0.03
1863,7,NA,NA,NA,NA,NA,NA,0.07
1863,8,NA,NA,NA,NA,NA,NA,-0.26
1863,9,NA,NA,NA,NA,NA,NA,0.05
1863,10,NA,NA,NA,NA,NA,NA,0.07
1863,11,NA,NA,NA,NA,NA,NA,0.11
1863,12,NA,NA,NA,NA,NA,NA,-0.23
1864,1,NA,NA,NA,NA,NA,NA,-0.19
1864,2,NA,NA,NA,NA,NA,NA,-0.09
1864,3,NA,NA,NA,NA,NA,NA,-1.04
1864,4,NA,NA,NA,NA,NA,NA,-1
1864,5,NA,NA,NA,NA,NA,NA,-0.78
1864,6,NA,NA,NA,NA,NA,NA,-0.66
1864,7,NA,NA,NA,NA,NA,NA,-0.19
1864,8,NA,NA,NA,NA,NA,NA,-0.48
1864,9,NA,NA,NA,NA,NA,NA,-0.21
1864,10,NA,NA,NA,NA,NA,NA,0.23
1864,11,NA,NA,NA,NA,NA,NA,0.53
1864,12,NA,NA,NA,NA,NA,NA,0.5
1865,1,NA,NA,NA,NA,NA,NA,-0.28
1865,2,NA,NA,NA,NA,NA,NA,-0.54
1865,3,NA,NA,NA,NA,NA,NA,-0.48
1865,4,NA,NA,NA,NA,NA,NA,-0.16
1865,5,NA,NA,NA,NA,NA,NA,-0.15
1865,6,NA,NA,NA,NA,NA,NA,-0.66
1865,7,NA,NA,NA,NA,NA,NA,-0.96
1865,8,NA,NA,NA,NA,NA,NA,-0.69
1865,9,NA,NA,NA,NA,NA,NA,-0.73
1865,10,NA,NA,NA,NA,NA,NA,-0.61
1865,11,NA,NA,NA,NA,NA,NA,-0.62
1865,12,NA,NA,NA,NA,NA,NA,-0.76
1866,1,NA,NA,NA,NA,NA,NA,-2.31
1866,2,NA,NA,NA,NA,NA,NA,-2.27
1866,3,NA,NA,NA,NA,NA,NA,-2.22
1866,4,NA,NA,NA,NA,NA,NA,-1.16
1866,5,NA,NA,NA,NA,NA,NA,-0.68
1866,6,NA,NA,NA,NA,NA,NA,-0.84
1866,7,NA,NA,NA,NA,NA,NA,-0.55
1866,8,NA,NA,NA,NA,NA,NA,-0.4
1866,9,NA,NA,NA,NA,NA,NA,-0.35
1866,10,NA,NA,NA,NA,NA,NA,-0.17
1866,11,NA,NA,NA,NA,NA,NA,-0.07
1866,12,NA,NA,NA,NA,NA,NA,-0.29
1867,1,NA,NA,NA,NA,NA,NA,-0.14
1867,2,NA,NA,NA,NA,NA,NA,-0.29
1867,3,NA,NA,NA,NA,NA,NA,-0.48
1867,4,NA,NA,NA,NA,NA,NA,-0.43
1867,5,NA,NA,NA,NA,NA,NA,-0.34
1867,6,NA,NA,NA,NA,NA,NA,-0.14
1867,7,NA,NA,NA,NA,NA,NA,0.16
1867,8,NA,NA,NA,NA,NA,NA,-0.34
1867,9,NA,NA,NA,NA,NA,NA,-0.29
1867,10,NA,NA,NA,NA,NA,NA,-0.89
1867,11,NA,NA,NA,NA,NA,NA,-0.28
1867,12,NA,NA,NA,NA,NA,NA,0.76
1868,1,NA,NA,NA,NA,NA,NA,0.98
1868,2,NA,NA,NA,NA,NA,NA,0.26
1868,3,NA,NA,NA,NA,NA,NA,0.03
1868,4,NA,NA,NA,NA,NA,NA,-0.39
1868,5,NA,NA,NA,NA,NA,NA,-0.43
1868,6,NA,NA,NA,NA,NA,NA,-0.22
1868,7,NA,NA,NA,NA,NA,NA,0.11
1868,8,NA,NA,NA,NA,NA,NA,-0.02
1868,9,NA,NA,NA,NA,NA,NA,0.09
1868,10,NA,NA,NA,NA,NA,NA,-0.2
1868,11,NA,NA,NA,NA,NA,NA,-0.63
1868,12,NA,NA,NA,NA,NA,NA,-0.81
1869,1,NA,NA,NA,NA,NA,NA,-0.84
1869,2,NA,NA,NA,NA,NA,NA,-0.16
1869,3,NA,NA,NA,NA,NA,NA,0.33
1869,4,NA,NA,NA,NA,NA,NA,1.23
1869,5,NA,NA,NA,NA,NA,NA,3.56
1869,6,NA,NA,NA,NA,NA,NA,3.84
1869,7,NA,NA,NA,NA,NA,NA,3.78
1869,8,NA,NA,NA,NA,NA,NA,1.2
1869,9,NA,NA,NA,NA,NA,NA,-0.12
1869,10,NA,NA,NA,NA,NA,NA,-0.4
1869,11,NA,NA,NA,NA,NA,NA,-0.63
1869,12,NA,NA,NA,NA,NA,NA,-0.46
1870,1,NA,NA,NA,NA,NA,NA,0.23
1870,2,NA,NA,NA,NA,NA,NA,-0.19
1870,3,NA,NA,NA,NA,NA,NA,0.03
1870,4,NA,NA,NA,NA,NA,NA,-0.3
1870,5,NA,NA,NA,NA,NA,NA,-0.14
1870,6,NA,NA,NA,NA,NA,NA,-0.37
1870,7,NA,NA,NA,NA,NA,NA,-0.13
1870,8,NA,NA,NA,NA,NA,NA,0.05
1870,9,NA,NA,NA,NA,NA,NA,-0.49
1870,10,NA,NA,NA,NA,NA,NA,-0.7
1870,11,NA,NA,NA,NA,NA,NA,-0.88
1870,12,NA,NA,NA,NA,NA,NA,-0.94
1871,1,NA,NA,NA,NA,NA,NA,-0.44
1871,2,NA,NA,NA,NA,NA,NA,0
1871,3,NA,NA,NA,NA,NA,NA,-0.18
1871,4,NA,NA,NA,NA,NA,NA,-0.51
1871,5,NA,NA,NA,NA,NA,NA,-0.93
1871,6,NA,NA,NA,NA,NA,NA,-0.36
1871,7,NA,NA,NA,NA,NA,NA,-0.38
1871,8,NA,NA,NA,NA,NA,NA,-0.09
1871,9,NA,NA,NA,NA,NA,NA,-0.58
1871,10,NA,NA,NA,NA,NA,NA,-0.8
1871,11,NA,NA,NA,NA,NA,NA,-0.9
1871,12,NA,NA,NA,NA,NA,NA,-0.29
1872,1,NA,NA,NA,NA,NA,NA,-0.39
1872,2,NA,NA,NA,NA,NA,NA,-0.55
1872,3,NA,NA,NA,NA,NA,NA,-0.2
1872,4,NA,NA,NA,NA,NA,NA,-0.49
1872,5,NA,NA,NA,NA,NA,NA,-0.03
1872,6,NA,NA,NA,NA,NA,NA,-0.82
1872,7,NA,NA,NA,NA,NA,NA,-0.95
1872,8,NA,NA,NA,NA,NA,NA,-1.02
1872,9,NA,NA,NA,NA,NA,NA,-0.51
1872,10,NA,NA,NA,NA,NA,NA,-0.11
1872,11,NA,NA,NA,NA,NA,NA,-1.74
1872,12,NA,NA,NA,NA,NA,NA,-2.1
1873,1,NA,NA,NA,NA,NA,NA,-2.06
1873,2,NA,NA,NA,NA,NA,NA,-2.11
1873,3,NA,NA,NA,NA,NA,NA,-1.67
1873,4,NA,NA,NA,NA,NA,NA,-0.69
1873,5,NA,NA,NA,NA,NA,NA,-0.49
1873,6,NA,NA,NA,NA,NA,NA,-0.8
1873,7,NA,NA,NA,NA,NA,NA,-1.14
1873,8,NA,NA,NA,NA,NA,NA,-1.05
1873,9,NA,NA,NA,NA,NA,NA,-0.87
1873,10,NA,NA,NA,NA,NA,NA,-0.7
1873,11,NA,NA,NA,NA,NA,NA,-1.06
1873,12,NA,NA,NA,NA,NA,NA,-0.86
1874,1,NA,NA,NA,NA,NA,NA,-0.74
1874,2,NA,NA,NA,NA,NA,NA,-1.18
1874,3,NA,NA,NA,NA,NA,NA,-0.24
1874,4,NA,NA,NA,NA,NA,NA,0.16
1874,5,NA,NA,NA,NA,NA,NA,0.01
1874,6,NA,NA,NA,NA,NA,NA,-0.26
1874,7,NA,NA,NA,NA,NA,NA,-0.21
1874,8,NA,NA,NA,NA,NA,NA,0.31
1874,9,NA,NA,NA,NA,NA,NA,0.15
1874,10,NA,NA,NA,NA,NA,NA,-0.04
1874,11,NA,NA,NA,NA,NA,NA,-0
1874,12,NA,NA,NA,NA,NA,NA,-1.13
1875,1,NA,NA,NA,NA,NA,NA,-1.42
1875,2,NA,NA,NA,NA,NA,NA,-1.53
1875,3,NA,NA,NA,NA,NA,NA,-1.18
1875,4,NA,NA,NA,NA,NA,NA,-1.24
1875,5,NA,NA,NA,NA,NA,NA,-0.65
1875,6,NA,NA,NA,NA,NA,NA,-0.79
1875,7,NA,NA,NA,NA,NA,NA,-0.64
1875,8,NA,NA,NA,NA,NA,NA,-0.8
1875,9,NA,NA,NA,NA,NA,NA,-0.64
1875,10,NA,NA,NA,NA,NA,NA,-1.19
1875,11,NA,NA,NA,NA,NA,NA,-0.9
1875,12,NA,NA,NA,NA,NA,NA,0.11
1876,1,NA,NA,NA,NA,NA,NA,-0.96
1876,2,NA,NA,NA,NA,NA,NA,-0.74
1876,3,NA,NA,NA,NA,NA,NA,-0.91
1876,4,NA,NA,NA,NA,NA,NA,-1.53
1876,5,NA,NA,NA,NA,NA,NA,-1.57
1876,6,NA,NA,NA,NA,NA,NA,-0.82
1876,7,NA,NA,NA,NA,NA,NA,-2.21
1876,8,NA,NA,NA,NA,NA,NA,-2.16
1876,9,NA,NA,NA,NA,NA,NA,-1.48
1876,10,NA,NA,NA,NA,NA,NA,-0.4
1876,11,NA,NA,NA,NA,NA,NA,-0.04
1876,12,NA,NA,NA,NA,NA,NA,-0.24
1877,1,NA,NA,NA,NA,NA,NA,-0.13
1877,2,NA,NA,NA,NA,NA,NA,-0.08
1877,3,NA,NA,NA,NA,NA,NA,-0.08
1877,4,NA,NA,NA,NA,NA,NA,-0.68
1877,5,NA,NA,NA,NA,NA,NA,-0.82
1877,6,NA,NA,NA,NA,NA,NA,-1.18
1877,7,NA,NA,NA,NA,NA,NA,-0.37
1877,8,NA,NA,NA,NA,NA,NA,-0.62
1877,9,NA,NA,NA,NA,NA,NA,-0.24
1877,10,NA,NA,NA,NA,NA,NA,0.02
1877,11,NA,NA,NA,NA,NA,NA,0.46
1877,12,NA,NA,NA,NA,NA,NA,0.07
1878,1,NA,NA,NA,NA,NA,NA,0.18
1878,2,NA,NA,NA,NA,NA,NA,0.85
1878,3,NA,NA,NA,NA,NA,NA,0.96
1878,4,NA,NA,NA,NA,NA,NA,1.49
1878,5,NA,NA,NA,NA,NA,NA,1.48
1878,6,NA,NA,NA,NA,NA,NA,0.9
1878,7,NA,NA,NA,NA,NA,NA,0.46
1878,8,NA,NA,NA,NA,NA,NA,-0.63
1878,9,NA,NA,NA,NA,NA,NA,-1.97
1878,10,NA,NA,NA,NA,NA,NA,-1.68
1878,11,NA,NA,NA,NA,NA,NA,-0.51
1878,12,NA,NA,NA,NA,NA,NA,1.31
1879,1,NA,NA,NA,NA,NA,NA,0.2
1879,2,NA,NA,NA,NA,NA,NA,0.13
1879,3,NA,NA,NA,NA,NA,NA,0.23
1879,4,NA,NA,NA,NA,NA,NA,0.61
1879,5,NA,NA,NA,NA,NA,NA,-0.56
1879,6,NA,NA,NA,NA,NA,NA,-0.91
1879,7,NA,NA,NA,NA,NA,NA,-1.6
1879,8,NA,NA,NA,NA,NA,NA,-0.62
1879,9,NA,NA,NA,NA,NA,NA,-0.52
1879,10,NA,NA,NA,NA,NA,NA,-0.75
1879,11,NA,NA,NA,NA,NA,NA,-0.64
1879,12,NA,NA,NA,NA,NA,NA,-0.2
1880,1,NA,NA,NA,NA,NA,NA,0.44
1880,2,NA,NA,NA,NA,NA,NA,-0.45
1880,3,NA,NA,NA,NA,NA,NA,-1.51
1880,4,NA,NA,NA,NA,NA,NA,-2.42
1880,5,NA,NA,NA,NA,NA,NA,-2.97
1880,6,NA,NA,NA,NA,NA,NA,-3.15
1880,7,NA,NA,NA,NA,NA,NA,-2.27
1880,8,NA,NA,NA,NA,NA,NA,-1.79
1880,9,NA,NA,NA,NA,NA,NA,-1.77
1880,10,NA,NA,NA,NA,NA,NA,0.02
1880,11,NA,NA,NA,NA,NA,NA,-0.4
1880,12,NA,NA,NA,NA,NA,NA,-0.06
1881,1,NA,NA,NA,NA,NA,NA,-0.48
1881,2,NA,NA,NA,NA,NA,NA,-0.15
1881,3,NA,NA,NA,NA,NA,NA,-0.02
1881,4,NA,NA,NA,NA,NA,NA,0.17
1881,5,NA,NA,NA,NA,NA,NA,0.5
1881,6,NA,NA,NA,NA,NA,NA,0.24
1881,7,NA,NA,NA,NA,NA,NA,-1.3
1881,8,NA,NA,NA,NA,NA,NA,-2.31
1881,9,NA,NA,NA,NA,NA,NA,0.16
1881,10,NA,NA,NA,NA,NA,NA,0.34
1881,11,NA,NA,NA,NA,NA,NA,0.2
1881,12,NA,NA,NA,NA,NA,NA,-0.55
1882,1,NA,NA,NA,NA,NA,NA,-2.06
1882,2,NA,NA,NA,NA,NA,NA,-1.92
1882,3,NA,NA,NA,NA,NA,NA,-1.79
1882,4,NA,NA,NA,NA,NA,NA,-1.6
1882,5,NA,NA,NA,NA,NA,NA,-1.51
1882,6,NA,NA,NA,NA,NA,NA,-1.71
1882,7,NA,NA,NA,NA,NA,NA,-3.18
1882,8,NA,NA,NA,NA,NA,NA,-1.1
1882,9,NA,NA,NA,NA,NA,NA,-0.81
1882,10,NA,NA,NA,NA,NA,NA,-1.07
1882,11,NA,NA,NA,NA,NA,NA,-0.34
1882,12,NA,NA,NA,NA,NA,NA,0.66
1883,1,NA,NA,NA,NA,NA,NA,-0.97
1883,2,NA,NA,NA,NA,NA,NA,-1.32
1883,3,NA,NA,NA,NA,NA,NA,-1.4
1883,4,NA,NA,NA,NA,NA,NA,-0.32
1883,5,NA,NA,NA,NA,NA,NA,-0.67
1883,6,NA,NA,NA,NA,NA,NA,-1.25
1883,7,NA,NA,NA,NA,NA,NA,-2.82
1883,8,NA,NA,NA,NA,NA,NA,-2.36
1883,9,NA,NA,NA,NA,NA,NA,-1.75
1883,10,NA,NA,NA,NA,NA,NA,-1.47
1883,11,NA,NA,NA,NA,NA,NA,-1.07
1883,12,NA,NA,NA,NA,NA,NA,-1.67
1884,1,NA,NA,NA,NA,NA,NA,-1.77
1884,2,NA,NA,NA,NA,NA,NA,-1.95
1884,3,NA,NA,NA,NA,NA,NA,-1.42
1884,4,NA,NA,NA,NA,NA,NA,-0.53
1884,5,NA,NA,NA,NA,NA,NA,0.41
1884,6,NA,NA,NA,NA,NA,NA,0.84
1884,7,NA,NA,NA,NA,NA,NA,1.1
1884,8,NA,NA,NA,NA,NA,NA,1
1884,9,NA,NA,NA,NA,NA,NA,0.74
1884,10,NA,NA,NA,NA,NA,NA,1.08
1884,11,NA,NA,NA,NA,NA,NA,2.16
1884,12,NA,NA,NA,NA,NA,NA,2.35
1885,1,NA,NA,NA,NA,NA,NA,2.57
1885,2,NA,NA,NA,NA,NA,NA,1.02
1885,3,NA,NA,NA,NA,NA,NA,1.72
1885,4,NA,NA,NA,NA,NA,NA,1.47
1885,5,NA,NA,NA,NA,NA,NA,0.7
1885,6,NA,NA,NA,NA,NA,NA,-0.41
1885,7,NA,NA,NA,NA,NA,NA,-0.68
1885,8,NA,NA,NA,NA,NA,NA,-0.06
1885,9,NA,NA,NA,NA,NA,NA,-0.15
1885,10,NA,NA,NA,NA,NA,NA,-0.05
1885,11,NA,NA,NA,NA,NA,NA,-0.32
1885,12,NA,NA,NA,NA,NA,NA,-0.34
1886,1,NA,NA,NA,NA,NA,NA,-0.52
1886,2,NA,NA,NA,NA,NA,NA,0.62
1886,3,NA,NA,NA,NA,NA,NA,-0.48
1886,4,NA,NA,NA,NA,NA,NA,0.35
1886,5,NA,NA,NA,NA,NA,NA,-0.2
1886,6,NA,NA,NA,NA,NA,NA,-1.17
1886,7,NA,NA,NA,NA,NA,NA,-0.3
1886,8,NA,NA,NA,NA,NA,NA,-0.39
1886,9,NA,NA,NA,NA,NA,NA,-0.44
1886,10,NA,NA,NA,NA,NA,NA,-1.3
1886,11,NA,NA,NA,NA,NA,NA,-2.63
1886,12,NA,NA,NA,NA,NA,NA,-1.79
1887,1,NA,NA,NA,NA,NA,NA,-0.93
1887,2,NA,NA,NA,NA,NA,NA,-1.41
1887,3,NA,NA,NA,NA,NA,NA,-2.04
1887,4,NA,NA,NA,NA,NA,NA,-1.49
1887,5,NA,NA,NA,NA,NA,NA,-0.33
1887,6,NA,NA,NA,NA,NA,NA,0.69
1887,7,NA,NA,NA,NA,NA,NA,1.54
1887,8,NA,NA,NA,NA,NA,NA,-0.87
1887,9,NA,NA,NA,NA,NA,NA,-1.96
1887,10,NA,NA,NA,NA,NA,NA,-1.33
1887,11,NA,NA,NA,NA,NA,NA,-0.97
1887,12,NA,NA,NA,NA,NA,NA,-1.07
1888,1,NA,NA,NA,NA,NA,NA,-0.98
1888,2,NA,NA,NA,NA,NA,NA,-0.11
1888,3,NA,NA,NA,NA,NA,NA,0.1
1888,4,NA,NA,NA,NA,NA,NA,0.02
1888,5,NA,NA,NA,NA,NA,NA,1.48
1888,6,NA,NA,NA,NA,NA,NA,1.68
1888,7,NA,NA,NA,NA,NA,NA,1.78
1888,8,NA,NA,NA,NA,NA,NA,1.13
1888,9,NA,NA,NA,NA,NA,NA,1.04
1888,10,NA,NA,NA,NA,NA,NA,0.6
1888,11,NA,NA,NA,NA,NA,NA,0.76
1888,12,NA,NA,NA,NA,NA,NA,0.47
1889,1,NA,NA,NA,NA,NA,NA,0.44
1889,2,NA,NA,NA,NA,NA,NA,-0.01
1889,3,NA,NA,NA,NA,NA,NA,0.14
1889,4,NA,NA,NA,NA,NA,NA,0.88
1889,5,NA,NA,NA,NA,NA,NA,1.16
1889,6,NA,NA,NA,NA,NA,NA,1.12
1889,7,NA,NA,NA,NA,NA,NA,0.13
1889,8,NA,NA,NA,NA,NA,NA,-1.02
1889,9,NA,NA,NA,NA,NA,NA,-1.27
1889,10,NA,NA,NA,NA,NA,NA,-0.42
1889,11,NA,NA,NA,NA,NA,NA,1.34
1889,12,NA,NA,NA,NA,NA,NA,-0.16
1890,1,NA,NA,NA,NA,NA,NA,-0.66
1890,2,NA,NA,NA,NA,NA,NA,-1.09
1890,3,NA,NA,NA,NA,NA,NA,-1.49
1890,4,NA,NA,NA,NA,NA,NA,-1.1
1890,5,NA,NA,NA,NA,NA,NA,-1.34
1890,6,NA,NA,NA,NA,NA,NA,-3.41
1890,7,NA,NA,NA,NA,NA,NA,-1.4
1890,8,NA,NA,NA,NA,NA,NA,-0.99
1890,9,NA,NA,NA,NA,NA,NA,0.83
1890,10,NA,NA,NA,NA,NA,NA,-0.45
1890,11,NA,NA,NA,NA,NA,NA,-1.04
1890,12,NA,NA,NA,NA,NA,NA,-1.31
1891,1,NA,NA,NA,NA,NA,NA,-0.52
1891,2,NA,NA,NA,NA,NA,NA,-0.8
1891,3,NA,NA,NA,NA,NA,NA,-1.02
1891,4,NA,NA,NA,NA,NA,NA,-0.48
1891,5,NA,NA,NA,NA,NA,NA,0.87
1891,6,NA,NA,NA,NA,NA,NA,1.01
1891,7,NA,NA,NA,NA,NA,NA,1.13
1891,8,NA,NA,NA,NA,NA,NA,0.64
1891,9,NA,NA,NA,NA,NA,NA,0.3
1891,10,NA,NA,NA,NA,NA,NA,0.89
1891,11,NA,NA,NA,NA,NA,NA,0.03
1891,12,NA,NA,NA,NA,NA,NA,-0.18
1892,1,NA,NA,NA,NA,NA,NA,-1.15
1892,2,NA,NA,NA,NA,NA,NA,-1.42
1892,3,NA,NA,NA,NA,NA,NA,-0.96
1892,4,NA,NA,NA,NA,NA,NA,-1.32
1892,5,NA,NA,NA,NA,NA,NA,-2.76
1892,6,NA,NA,NA,NA,NA,NA,-1.94
1892,7,NA,NA,NA,NA,NA,NA,-1.65
1892,8,NA,NA,NA,NA,NA,NA,-2.85
1892,9,NA,NA,NA,NA,NA,NA,-2.46
1892,10,NA,NA,NA,NA,NA,NA,-2.82
1892,11,NA,NA,NA,NA,NA,NA,-2.36
1892,12,NA,NA,NA,NA,NA,NA,-1.13
1893,1,NA,NA,NA,NA,NA,NA,-0.51
1893,2,NA,NA,NA,NA,NA,NA,-0.67
1893,3,NA,NA,NA,NA,NA,NA,-0.93
1893,4,NA,NA,NA,NA,NA,NA,-1.6
1893,5,NA,NA,NA,NA,NA,NA,-2.45
1893,6,NA,NA,NA,NA,NA,NA,-2.13
1893,7,NA,NA,NA,NA,NA,NA,-2.14
1893,8,NA,NA,NA,NA,NA,NA,-0.41
1893,9,NA,NA,NA,NA,NA,NA,0.06
1893,10,NA,NA,NA,NA,NA,NA,-0.54
1893,11,NA,NA,NA,NA,NA,NA,-0.71
1893,12,NA,NA,NA,NA,NA,NA,-1.49
1894,1,NA,NA,NA,NA,NA,NA,-1.42
1894,2,NA,NA,NA,NA,NA,NA,-2.17
1894,3,NA,NA,NA,NA,NA,NA,-3.2
1894,4,NA,NA,NA,NA,NA,NA,-3.15
1894,5,NA,NA,NA,NA,NA,NA,-3.35
1894,6,NA,NA,NA,NA,NA,NA,-2.75
1894,7,NA,NA,NA,NA,NA,NA,-2.98
1894,8,NA,NA,NA,NA,NA,NA,-1.91
1894,9,NA,NA,NA,NA,NA,NA,-2.02
1894,10,NA,NA,NA,NA,NA,NA,-2.56
1894,11,NA,NA,NA,NA,NA,NA,-2.77
1894,12,NA,NA,NA,NA,NA,NA,-1.17
1895,1,NA,NA,NA,NA,NA,NA,-0.86
1895,2,NA,NA,NA,NA,NA,NA,-0.64
1895,3,NA,NA,NA,NA,NA,NA,-0.65
1895,4,NA,NA,NA,NA,NA,NA,-1.13
1895,5,NA,NA,NA,NA,NA,NA,-0.48
1895,6,NA,NA,NA,NA,NA,NA,-0.74
1895,7,NA,NA,NA,NA,NA,NA,0.43
1895,8,NA,NA,NA,NA,NA,NA,-0.16
1895,9,NA,NA,NA,NA,NA,NA,-1.34
1895,10,NA,NA,NA,NA,NA,NA,-0.84
1895,11,NA,NA,NA,NA,NA,NA,-1.23
1895,12,NA,NA,NA,NA,NA,NA,-0.27
1896,1,NA,NA,NA,NA,NA,NA,0.32
1896,2,NA,NA,NA,NA,NA,NA,0.2
1896,3,NA,NA,NA,NA,NA,NA,-0.17
1896,4,NA,NA,NA,NA,NA,NA,-0.91
1896,5,NA,NA,NA,NA,NA,NA,-1.32
1896,6,NA,NA,NA,NA,NA,NA,-0.68
1896,7,NA,NA,NA,NA,NA,NA,-0.32
1896,8,NA,NA,NA,NA,NA,NA,-0.18
1896,9,NA,NA,NA,NA,NA,NA,0.99
1896,10,NA,NA,NA,NA,NA,NA,0.26
1896,11,NA,NA,NA,NA,NA,NA,0.29
1896,12,NA,NA,NA,NA,NA,NA,0.21
1897,1,NA,NA,NA,NA,NA,NA,0.38
1897,2,NA,NA,NA,NA,NA,NA,-0.29
1897,3,NA,NA,NA,NA,NA,NA,-0.62
1897,4,NA,NA,NA,NA,NA,NA,-0.06
1897,5,NA,NA,NA,NA,NA,NA,0.67
1897,6,NA,NA,NA,NA,NA,NA,0.8
1897,7,NA,NA,NA,NA,NA,NA,0.57
1897,8,NA,NA,NA,NA,NA,NA,-0
1897,9,NA,NA,NA,NA,NA,NA,-0.7
1897,10,NA,NA,NA,NA,NA,NA,0.31
1897,11,NA,NA,NA,NA,NA,NA,0.58
1897,12,NA,NA,NA,NA,NA,NA,0.05
1898,1,NA,NA,NA,NA,NA,NA,-0.08
1898,2,NA,NA,NA,NA,NA,NA,-0.27
1898,3,NA,NA,NA,NA,NA,NA,-0.42
1898,4,NA,NA,NA,NA,NA,NA,0.21
1898,5,NA,NA,NA,NA,NA,NA,-0.39
1898,6,NA,NA,NA,NA,NA,NA,0.29
1898,7,NA,NA,NA,NA,NA,NA,-0.36
1898,8,NA,NA,NA,NA,NA,NA,0.43
1898,9,NA,NA,NA,NA,NA,NA,0.29
1898,10,NA,NA,NA,NA,NA,NA,0.27
1898,11,NA,NA,NA,NA,NA,NA,0.55
1898,12,NA,NA,NA,NA,NA,NA,0.6
